-- MySQL Script generated by MySQL Workbench
-- Thu Sep 13 17:23:55 2018
-- Model: New Model    Version: 1.0
-- MySQL Workbench Forward Engineering

SET @OLD_UNIQUE_CHECKS=@@UNIQUE_CHECKS, UNIQUE_CHECKS=0;
SET @OLD_FOREIGN_KEY_CHECKS=@@FOREIGN_KEY_CHECKS, FOREIGN_KEY_CHECKS=0;
SET @OLD_SQL_MODE=@@SQL_MODE, SQL_MODE='TRADITIONAL,ALLOW_INVALID_DATES';

-- -----------------------------------------------------
-- Schema s14970
-- -----------------------------------------------------

-- -----------------------------------------------------
-- Schema s14970
-- -----------------------------------------------------
CREATE SCHEMA IF NOT EXISTS `s14970` DEFAULT CHARACTER SET utf8 ;
USE `s14970` ;

-- -----------------------------------------------------
-- Table `s14970`.`categories`
-- -----------------------------------------------------
CREATE TABLE IF NOT EXISTS `s14970`.`categories` (
  `id_categories` INT NOT NULL AUTO_INCREMENT,
  `category_name` VARCHAR(45) NOT NULL,
  PRIMARY KEY (`id_categories`))
ENGINE = InnoDB;


-- -----------------------------------------------------
-- Table `s14970`.`producers`
-- -----------------------------------------------------
CREATE TABLE IF NOT EXISTS `s14970`.`producers` (
  `id_producers` INT NOT NULL AUTO_INCREMENT,
  `producers_name` VARCHAR(45) NOT NULL,
  PRIMARY KEY (`id_producers`))
ENGINE = InnoDB;


-- -----------------------------------------------------
-- Table `s14970`.`producer_categories`
-- -----------------------------------------------------
CREATE TABLE IF NOT EXISTS `s14970`.`producer_categories` (
  `id_producer_categories` INT NOT NULL AUTO_INCREMENT,
  `id_categories` INT NOT NULL,
  `id_producers` INT NOT NULL,
  PRIMARY KEY (`id_producer_categories`),
  INDEX `fk_producer_category_producers1_idx` (`id_producers` ASC),
  INDEX `fk_producer_category_categories1_idx` (`id_categories` ASC),
  CONSTRAINT `fk_producer_category_categories1`
    FOREIGN KEY (`id_categories`)
    REFERENCES `s14970`.`categories` (`id_categories`)
    ON DELETE NO ACTION
    ON UPDATE NO ACTION,
  CONSTRAINT `fk_producer_category_producers1`
    FOREIGN KEY (`id_producers`)
    REFERENCES `s14970`.`producers` (`id_producers`)
    ON DELETE NO ACTION
    ON UPDATE NO ACTION)
ENGINE = InnoDB;


-- -----------------------------------------------------
-- Table `s14970`.`products`
-- -----------------------------------------------------
CREATE TABLE IF NOT EXISTS `s14970`.`products` (
  `id_products` INT NOT NULL AUTO_INCREMENT,
  `id_producer_categories` INT NOT NULL,
  `product_name` VARCHAR(60) NOT NULL,
  `description` TEXT NULL,
  `net_price` DECIMAL(10,2) NULL,
  `gross_price` DECIMAL(10,2) NULL,
  `tax_value` DECIMAL(8,2) NULL,
  PRIMARY KEY (`id_products`),
  INDEX `fk_products_producer_categories_idx` (`id_producer_categories` ASC),
  CONSTRAINT `fk_products_producer_categories`
    FOREIGN KEY (`id_producer_categories`)
    REFERENCES `s14970`.`producer_categories` (`id_producer_categories`)
    ON DELETE NO ACTION
    ON UPDATE NO ACTION)
ENGINE = InnoDB;


-- -----------------------------------------------------
-- Table `s14970`.`adresses`
-- -----------------------------------------------------
CREATE TABLE IF NOT EXISTS `s14970`.`adresses` (
  `id_adresses` INT NOT NULL AUTO_INCREMENT,
  `city` VARCHAR(31) NOT NULL,
  `voivodeship` VARCHAR(15) NOT NULL,
  `postal_code` VARCHAR(5) NOT NULL,
  `street` VARCHAR(74) NOT NULL,
  `house_number` VARCHAR(4) NOT NULL,
  `flat_number` VARCHAR(4) NULL,
  PRIMARY KEY (`id_adresses`))
ENGINE = InnoDB;


-- -----------------------------------------------------
-- Table `s14970`.`contacts`
-- -----------------------------------------------------
CREATE TABLE IF NOT EXISTS `s14970`.`contacts` (
  `id_contacts` INT NOT NULL AUTO_INCREMENT,
  `phone_number1` VARCHAR(12) NULL,
  `phone_number2` VARCHAR(12) NULL,
  `email` VARCHAR(125) NOT NULL,
  PRIMARY KEY (`id_contacts`))
ENGINE = InnoDB;


-- -----------------------------------------------------
-- Table `s14970`.`clients`
-- -----------------------------------------------------
CREATE TABLE IF NOT EXISTS `s14970`.`clients` (
  `id_client` INT NOT NULL AUTO_INCREMENT,
  `id_adresses` INT NOT NULL,
  `id_contacts` INT NOT NULL,
  `company_name` VARCHAR(45) NULL,
  `regon` VARCHAR(14) NULL,
  `nip` VARCHAR(10) NULL,
  `surname` VARCHAR(40) NOT NULL,
  `name` VARCHAR(20) NOT NULL,
  `client_type` VARCHAR(8) NOT NULL,
  PRIMARY KEY (`id_client`),
  INDEX `fk_clients_adresses1_idx` (`id_adresses` ASC),
  INDEX `fk_clients_contacts1_idx` (`id_contacts` ASC),
  CONSTRAINT `fk_clients_adresses1`
    FOREIGN KEY (`id_adresses`)
    REFERENCES `s14970`.`adresses` (`id_adresses`)
    ON DELETE NO ACTION
    ON UPDATE NO ACTION,
  CONSTRAINT `fk_clients_contacts1`
    FOREIGN KEY (`id_contacts`)
    REFERENCES `s14970`.`contacts` (`id_contacts`)
    ON DELETE NO ACTION
    ON UPDATE NO ACTION)
ENGINE = InnoDB;


-- -----------------------------------------------------
-- Table `s14970`.`orders`
-- -----------------------------------------------------
CREATE TABLE IF NOT EXISTS `s14970`.`orders` (
  `id_orders` INT NOT NULL AUTO_INCREMENT,
  `id_client` INT NOT NULL,
  `order_date` DATETIME NOT NULL,
  `order_affirmation` TINYINT NOT NULL,
  `affirmation_date` DATETIME NULL,
  `is_paid` TINYINT NULL,
  `shipment_date` DATETIME NULL,
  `is_order_completed` TINYINT NOT NULL,
  `order_realisation_date` DATETIME NULL,
  PRIMARY KEY (`id_orders`),
  INDEX `fk_orders_clients1_idx` (`id_client` ASC),
  CONSTRAINT `fk_orders_clients1`
    FOREIGN KEY (`id_client`)
    REFERENCES `s14970`.`clients` (`id_client`)
    ON DELETE NO ACTION
    ON UPDATE NO ACTION)
ENGINE = InnoDB;


-- -----------------------------------------------------
-- Table `s14970`.`order_products`
-- -----------------------------------------------------
CREATE TABLE IF NOT EXISTS `s14970`.`order_products` (
  `id_order_products` INT NOT NULL AUTO_INCREMENT,
  `id_orders` INT NOT NULL,
  `id_products` INT NOT NULL,
  PRIMARY KEY (`id_order_products`),
  INDEX `fk_order_products_products1_idx` (`id_products` ASC),
  INDEX `fk_order_products_orders1_idx` (`id_orders` ASC),
  CONSTRAINT `fk_order_products_products1`
    FOREIGN KEY (`id_products`)
    REFERENCES `s14970`.`products` (`id_products`)
    ON DELETE NO ACTION
    ON UPDATE NO ACTION,
  CONSTRAINT `fk_order_products_orders1`
    FOREIGN KEY (`id_orders`)
    REFERENCES `s14970`.`orders` (`id_orders`)
    ON DELETE NO ACTION
    ON UPDATE NO ACTION)
ENGINE = InnoDB;


-- -----------------------------------------------------
-- Table `s14970`.`workers`
-- -----------------------------------------------------
CREATE TABLE IF NOT EXISTS `s14970`.`workers` (
  `id_workers` INT NOT NULL AUTO_INCREMENT,
  `id_adresses` INT NOT NULL,
  `id_contacts` INT NOT NULL,
  `name` VARCHAR(20) NOT NULL,
  `surname` VARCHAR(40) NOT NULL,
  PRIMARY KEY (`id_workers`),
  INDEX `fk_workers_contacts_idx` (`id_contacts` ASC),
  INDEX `fk_workers_adresses_idx` (`id_adresses` ASC),
  CONSTRAINT `fk_workers_contacts`
    FOREIGN KEY (`id_contacts`)
    REFERENCES `s14970`.`contacts` (`id_contacts`)
    ON DELETE NO ACTION
    ON UPDATE NO ACTION,
  CONSTRAINT `fk_workers_adresses`
    FOREIGN KEY (`id_adresses`)
    REFERENCES `s14970`.`adresses` (`id_adresses`)
    ON DELETE NO ACTION
    ON UPDATE NO ACTION)
ENGINE = InnoDB;


-- -----------------------------------------------------
-- Table `s14970`.`invoices`
-- -----------------------------------------------------
CREATE TABLE IF NOT EXISTS `s14970`.`invoices` (
  `id_invoices` INT NOT NULL AUTO_INCREMENT,
  `id_workers` INT NOT NULL,
  `id_orders` INT NOT NULL,
  `invoice_number` VARCHAR(15) NOT NULL,
  `sale_date` DATETIME NOT NULL,
  `net_value` VARCHAR(10) NOT NULL,
  `gross_value` VARCHAR(10) NOT NULL,
  `tax_value` VARCHAR(8) NOT NULL,
  `bank_name` VARCHAR(40) NULL,
  `payment_form` VARCHAR(8) NOT NULL,
  `document_type` VARCHAR(10) NOT NULL,
  PRIMARY KEY (`id_invoices`),
  INDEX `fk_invoice_workers1_idx` (`id_workers` ASC),
  INDEX `fk_invoices_orders1_idx` (`id_orders` ASC),
  CONSTRAINT `fk_invoice_workers1`
    FOREIGN KEY (`id_workers`)
    REFERENCES `s14970`.`workers` (`id_workers`)
    ON DELETE NO ACTION
    ON UPDATE NO ACTION,
  CONSTRAINT `fk_invoices_orders1`
    FOREIGN KEY (`id_orders`)
    REFERENCES `s14970`.`orders` (`id_orders`)
    ON DELETE NO ACTION
    ON UPDATE NO ACTION)
ENGINE = InnoDB;


-- -----------------------------------------------------
-- Table `s14970`.`product_units`
-- -----------------------------------------------------
CREATE TABLE IF NOT EXISTS `s14970`.`product_units` (
  `id_product_units` INT NOT NULL AUTO_INCREMENT,
  `id_products` INT NOT NULL,
  `product_code` VARCHAR(45) NOT NULL,
  `acquisition_net_total_price` DECIMAL(10,2) NOT NULL,
  `acquisition_gross_total_price` DECIMAL(10,2) NOT NULL,
  `acquisition_taxation_value` INT NOT NULL,
  `purchase_date` DATETIME NOT NULL,
  `sale_date` DATETIME NULL,
  `is_sold` TINYINT NOT NULL,
  PRIMARY KEY (`id_product_units`),
  INDEX `fk_units_products1_idx` (`id_products` ASC),
  CONSTRAINT `fk_units_products1`
    FOREIGN KEY (`id_products`)
    REFERENCES `s14970`.`products` (`id_products`)
    ON DELETE NO ACTION
    ON UPDATE NO ACTION)
ENGINE = InnoDB;


-- -----------------------------------------------------
-- Table `s14970`.`invoice_fields`
-- -----------------------------------------------------
CREATE TABLE IF NOT EXISTS `s14970`.`invoice_fields` (
  `id_invoice_fields` INT NOT NULL AUTO_INCREMENT,
  `id_invoices` INT NOT NULL,
  `id_product_units` INT NOT NULL,
  `sale_net_price` DECIMAL(10,2) NOT NULL,
  `sale_gross_price` DECIMAL(10,2) NOT NULL,
  `sale_taxation_value` TINYINT NOT NULL,
  PRIMARY KEY (`id_invoice_fields`),
  INDEX `fk_invoice_fields_invoice1_idx` (`id_invoices` ASC),
  INDEX `fk_invoice_fields_product_units1_idx` (`id_product_units` ASC),
  CONSTRAINT `fk_invoice_fields_invoices1`
    FOREIGN KEY (`id_invoices`)
    REFERENCES `s14970`.`invoices` (`id_invoices`)
    ON DELETE NO ACTION
    ON UPDATE NO ACTION,
  CONSTRAINT `fk_invoice_fields_units1`
    FOREIGN KEY (`id_product_units`)
    REFERENCES `s14970`.`product_units` (`id_product_units`)
    ON DELETE NO ACTION
    ON UPDATE NO ACTION)
ENGINE = InnoDB;

USE `s14970` ;

-- -----------------------------------------------------
-- procedure add_producer_categories
-- -----------------------------------------------------

DELIMITER $$
USE `s14970`$$
CREATE PROCEDURE `add_producer_categories` (IN a VARCHAR(45), IN b VARCHAR(45))
BEGIN
Declare b_present_id INT;
Declare a_present_id INT;
Declare max_value_id INT;
Declare if_check_cmp VARCHAR(45);
Declare a_trimmed VARCHAR(45) DEFAULT a;
Declare b_trimmed VARCHAR(45) DEFAULT b;
set a_trimmed = (select trim(both ' ' from a_trimmed));
set b_trimmed = (select trim(both ' ' from b_trimmed));
set if_check_cmp = (select category_name from categories where category_name like b_trimmed);
IF(if_check_cmp = b_trimmed) then
set b_present_id = (select id_categories from categories where category_name like b_trimmed limit 1);
insert into producer_categories values (0,b_present_id,1);
ELSE
insert into categories values (0,b_trimmed);
insert into producer_categories values (0,LAST_INSERT_ID(),1);
END IF;
set if_check_cmp = null;
set if_check_cmp = (select producers_name from producers where producers_name like a_trimmed);
IF(if_check_cmp = a_trimmed) then
set a_present_id = (select id_producers from producers where producers_name like a_trimmed limit 1);
IF(b_present_id IS NULL) then
set max_value_id = (select MAX(id_producer_categories) from producer_categories limit 1);
update producer_categories set id_producers=a_present_id where id_producer_categories=max_value_id;
ELSE
set max_value_id = (select MAX(id_producer_categories) from producer_categories limit 1);
delete from producer_categories where id_producer_categories = max_value_id;
SELECT 'Wprowadzone dane byly duplikatem i zostaly usuniete, sprobuj ponownie';
END IF;
ELSE
set max_value_id = (select MAX(id_producer_categories) from producer_categories limit 1);
insert into producers values (0,a_trimmed);
update producer_categories set id_producers=LAST_INSERT_ID() where id_producer_categories=max_value_id;
END IF;
END$$

DELIMITER ;
USE `s14970`;

DELIMITER $$
USE `s14970`$$
CREATE TRIGGER `s14970`.`products_BEFORE_INSERT` BEFORE INSERT ON `products` FOR EACH ROW
BEGIN
set new.product_name = (select trim(both ' ' from new.product_name));
END$$


DELIMITER ;

SET SQL_MODE=@OLD_SQL_MODE;
SET FOREIGN_KEY_CHECKS=@OLD_FOREIGN_KEY_CHECKS;
SET UNIQUE_CHECKS=@OLD_UNIQUE_CHECKS;

-- -----------------------------------------------------
-- Data for table `s14970`.`categories`
-- -----------------------------------------------------
START TRANSACTION;
USE `s14970`;
INSERT INTO `s14970`.`categories` (`id_categories`, `category_name`) VALUES (1, 'Aparaty, kamery cyfrowe');
INSERT INTO `s14970`.`categories` (`id_categories`, `category_name`) VALUES (2, 'Drukarki');
INSERT INTO `s14970`.`categories` (`id_categories`, `category_name`) VALUES (3, 'Dyski twarde');
INSERT INTO `s14970`.`categories` (`id_categories`, `category_name`) VALUES (4, 'Gry i konsole');
INSERT INTO `s14970`.`categories` (`id_categories`, `category_name`) VALUES (5, 'Kable');
INSERT INTO `s14970`.`categories` (`id_categories`, `category_name`) VALUES (6, 'Karty dźwiękowe');
INSERT INTO `s14970`.`categories` (`id_categories`, `category_name`) VALUES (7, 'Karty graficzne');
INSERT INTO `s14970`.`categories` (`id_categories`, `category_name`) VALUES (8, 'Klawiatury');
INSERT INTO `s14970`.`categories` (`id_categories`, `category_name`) VALUES (9, 'Monitory LCD');
INSERT INTO `s14970`.`categories` (`id_categories`, `category_name`) VALUES (10, 'MP3');
INSERT INTO `s14970`.`categories` (`id_categories`, `category_name`) VALUES (11, 'Myszki, trackballe');
INSERT INTO `s14970`.`categories` (`id_categories`, `category_name`) VALUES (12, 'Obudowy');
INSERT INTO `s14970`.`categories` (`id_categories`, `category_name`) VALUES (13, 'Oprogramowanie');
INSERT INTO `s14970`.`categories` (`id_categories`, `category_name`) VALUES (14, 'Pamięci Flash');
INSERT INTO `s14970`.`categories` (`id_categories`, `category_name`) VALUES (15, 'Pamięci RAM');
INSERT INTO `s14970`.`categories` (`id_categories`, `category_name`) VALUES (16, 'Płyty główne');
INSERT INTO `s14970`.`categories` (`id_categories`, `category_name`) VALUES (17, 'Procesory');
INSERT INTO `s14970`.`categories` (`id_categories`, `category_name`) VALUES (18, 'Sieci bezprzewodowe WiFi');
INSERT INTO `s14970`.`categories` (`id_categories`, `category_name`) VALUES (19, 'Sieci przewodowe LAN');
INSERT INTO `s14970`.`categories` (`id_categories`, `category_name`) VALUES (20, 'Systemy chłodzenia');
INSERT INTO `s14970`.`categories` (`id_categories`, `category_name`) VALUES (21, 'Zasilacze ATX');

COMMIT;


-- -----------------------------------------------------
-- Data for table `s14970`.`producers`
-- -----------------------------------------------------
START TRANSACTION;
USE `s14970`;
INSERT INTO `s14970`.`producers` (`id_producers`, `producers_name`) VALUES (1, 'Whitenergy');
INSERT INTO `s14970`.`producers` (`id_producers`, `producers_name`) VALUES (2, 'Brother');
INSERT INTO `s14970`.`producers` (`id_producers`, `producers_name`) VALUES (3, 'Seagate');
INSERT INTO `s14970`.`producers` (`id_producers`, `producers_name`) VALUES (4, 'Blizzard');
INSERT INTO `s14970`.`producers` (`id_producers`, `producers_name`) VALUES (5, 'Unitek');
INSERT INTO `s14970`.`producers` (`id_producers`, `producers_name`) VALUES (6, 'Creative');
INSERT INTO `s14970`.`producers` (`id_producers`, `producers_name`) VALUES (7, 'Gigabyte');
INSERT INTO `s14970`.`producers` (`id_producers`, `producers_name`) VALUES (8, 'Logitech');
INSERT INTO `s14970`.`producers` (`id_producers`, `producers_name`) VALUES (9, 'Dell');
INSERT INTO `s14970`.`producers` (`id_producers`, `producers_name`) VALUES (10, 'Savio');
INSERT INTO `s14970`.`producers` (`id_producers`, `producers_name`) VALUES (11, 'A4Tech');
INSERT INTO `s14970`.`producers` (`id_producers`, `producers_name`) VALUES (12, 'SilentiumPC');
INSERT INTO `s14970`.`producers` (`id_producers`, `producers_name`) VALUES (13, 'Microsoft');
INSERT INTO `s14970`.`producers` (`id_producers`, `producers_name`) VALUES (14, 'Kingston');
INSERT INTO `s14970`.`producers` (`id_producers`, `producers_name`) VALUES (15, 'Corsair');
INSERT INTO `s14970`.`producers` (`id_producers`, `producers_name`) VALUES (16, 'MSI');
INSERT INTO `s14970`.`producers` (`id_producers`, `producers_name`) VALUES (17, 'Intel');
INSERT INTO `s14970`.`producers` (`id_producers`, `producers_name`) VALUES (18, 'Tp-link');
INSERT INTO `s14970`.`producers` (`id_producers`, `producers_name`) VALUES (19, 'Cisco');
INSERT INTO `s14970`.`producers` (`id_producers`, `producers_name`) VALUES (20, 'Zalman');
INSERT INTO `s14970`.`producers` (`id_producers`, `producers_name`) VALUES (21, 'BePower');

COMMIT;


-- -----------------------------------------------------
-- Data for table `s14970`.`producer_categories`
-- -----------------------------------------------------
START TRANSACTION;
USE `s14970`;
INSERT INTO `s14970`.`producer_categories` (`id_producer_categories`, `id_categories`, `id_producers`) VALUES (1, 1, 1);
INSERT INTO `s14970`.`producer_categories` (`id_producer_categories`, `id_categories`, `id_producers`) VALUES (2, 2, 2);
INSERT INTO `s14970`.`producer_categories` (`id_producer_categories`, `id_categories`, `id_producers`) VALUES (3, 3, 3);
INSERT INTO `s14970`.`producer_categories` (`id_producer_categories`, `id_categories`, `id_producers`) VALUES (4, 4, 4);
INSERT INTO `s14970`.`producer_categories` (`id_producer_categories`, `id_categories`, `id_producers`) VALUES (5, 5, 5);
INSERT INTO `s14970`.`producer_categories` (`id_producer_categories`, `id_categories`, `id_producers`) VALUES (6, 6, 6);
INSERT INTO `s14970`.`producer_categories` (`id_producer_categories`, `id_categories`, `id_producers`) VALUES (7, 7, 7);
INSERT INTO `s14970`.`producer_categories` (`id_producer_categories`, `id_categories`, `id_producers`) VALUES (8, 8, 8);
INSERT INTO `s14970`.`producer_categories` (`id_producer_categories`, `id_categories`, `id_producers`) VALUES (9, 9, 9);
INSERT INTO `s14970`.`producer_categories` (`id_producer_categories`, `id_categories`, `id_producers`) VALUES (10, 10, 10);
INSERT INTO `s14970`.`producer_categories` (`id_producer_categories`, `id_categories`, `id_producers`) VALUES (11, 11, 11);
INSERT INTO `s14970`.`producer_categories` (`id_producer_categories`, `id_categories`, `id_producers`) VALUES (12, 12, 12);
INSERT INTO `s14970`.`producer_categories` (`id_producer_categories`, `id_categories`, `id_producers`) VALUES (13, 13, 13);
INSERT INTO `s14970`.`producer_categories` (`id_producer_categories`, `id_categories`, `id_producers`) VALUES (14, 14, 14);
INSERT INTO `s14970`.`producer_categories` (`id_producer_categories`, `id_categories`, `id_producers`) VALUES (15, 15, 15);
INSERT INTO `s14970`.`producer_categories` (`id_producer_categories`, `id_categories`, `id_producers`) VALUES (16, 16, 16);
INSERT INTO `s14970`.`producer_categories` (`id_producer_categories`, `id_categories`, `id_producers`) VALUES (17, 17, 17);
INSERT INTO `s14970`.`producer_categories` (`id_producer_categories`, `id_categories`, `id_producers`) VALUES (18, 18, 18);
INSERT INTO `s14970`.`producer_categories` (`id_producer_categories`, `id_categories`, `id_producers`) VALUES (19, 19, 19);
INSERT INTO `s14970`.`producer_categories` (`id_producer_categories`, `id_categories`, `id_producers`) VALUES (20, 20, 20);
INSERT INTO `s14970`.`producer_categories` (`id_producer_categories`, `id_categories`, `id_producers`) VALUES (21, 21, 21);

COMMIT;


-- -----------------------------------------------------
-- Data for table `s14970`.`products`
-- -----------------------------------------------------
START TRANSACTION;
USE `s14970`;
INSERT INTO `s14970`.`products` (`id_products`, `id_producer_categories`, `product_name`, `description`, `net_price`, `gross_price`, `tax_value`) VALUES (1, 1, 'Ładowarka Whitenergy 2 x AA/AAA', 'Ładowarka', 17.89, 22.00, 23);
INSERT INTO `s14970`.`products` (`id_products`, `id_producer_categories`, `product_name`, `description`, `net_price`, `gross_price`, `tax_value`) VALUES (2, 2, 'Brother DCP-J105', 'Drukarka, Kopiarka, Skaner, USB, WiFi', 430.08, 529.00, 23);
INSERT INTO `s14970`.`products` (`id_products`, `id_producer_categories`, `product_name`, `description`, `net_price`, `gross_price`, `tax_value`) VALUES (3, 3, 'Seagate Barracuda HDD 7200 1TB', 'Dysk HDD SATA-III, 64MB cache', 158.54, 195.00, 23);
INSERT INTO `s14970`.`products` (`id_products`, `id_producer_categories`, `product_name`, `description`, `net_price`, `gross_price`, `tax_value`) VALUES (4, 4, 'Diablo 3', 'Diablo III to kolejna część niezwykle popularnej serii hack`n`slash', 61.79, 76.00, 23);
INSERT INTO `s14970`.`products` (`id_products`, `id_producer_categories`, `product_name`, `description`, `net_price`, `gross_price`, `tax_value`) VALUES (5, 5, 'Kabel Display-Port - HDMI M/M 1.8m', 'Kabel', 34.15, 42.00, 23);
INSERT INTO `s14970`.`products` (`id_products`, `id_producer_categories`, `product_name`, `description`, `net_price`, `gross_price`, `tax_value`) VALUES (6, 6, 'Creative Sound Blaster Audigy FX', 'Karta dźwiękowa na PCI Express', 118.70, 146.00, 23);
INSERT INTO `s14970`.`products` (`id_products`, `id_producer_categories`, `product_name`, `description`, `net_price`, `gross_price`, `tax_value`) VALUES (7, 7, 'GeForce GT1030 Gigabyte 2GB', 'Pamięć DDR5, HDMI, DVI, PCI-E, Low Profile 1252/6008', 243.09, 299.00, 23);
INSERT INTO `s14970`.`products` (`id_products`, `id_producer_categories`, `product_name`, `description`, `net_price`, `gross_price`, `tax_value`) VALUES (8, 8, 'Logitech Keyboard K120', 'Klawiatura biurowa', 40.65, 50.00, 23);
INSERT INTO `s14970`.`products` (`id_products`, `id_producer_categories`, `product_name`, `description`, `net_price`, `gross_price`, `tax_value`) VALUES (9, 9, 'Dell 21.5\" LCD E2216H', 'Monitor FullHD, DP, DSUB', 455.28, 560.00, 23);
INSERT INTO `s14970`.`products` (`id_products`, `id_producer_categories`, `product_name`, `description`, `net_price`, `gross_price`, `tax_value`) VALUES (10, 10, 'Samochodowy transmiter FM', 'Samochodowy transmiter FM z pilotem', 25.20, 31.00, 23);
INSERT INTO `s14970`.`products` (`id_products`, `id_producer_categories`, `product_name`, `description`, `net_price`, `gross_price`, `tax_value`) VALUES (11, 11, 'A4Tech Bloody V8m USB', 'Myszka do gier', 60.98, 75.00, 23);
INSERT INTO `s14970`.`products` (`id_products`, `id_producer_categories`, `product_name`, `description`, `net_price`, `gross_price`, `tax_value`) VALUES (12, 12, 'SilentiumPC Brutus M10 Pure Black', 'Obudowa bez zasilacza', 104.88, 129.00, 23);
INSERT INTO `s14970`.`products` (`id_products`, `id_producer_categories`, `product_name`, `description`, `net_price`, `gross_price`, `tax_value`) VALUES (13, 13, 'Microsoft Windows 10 Home 64Bit PL', 'Wersja OEM DVD', 329.27, 405.00, 23);
INSERT INTO `s14970`.`products` (`id_products`, `id_producer_categories`, `product_name`, `description`, `net_price`, `gross_price`, `tax_value`) VALUES (14, 14, 'Kingston Secure Digital Micro SDHC 16GB', 'Standard UHS-I Class U3 Gold + Adapter', 32.52, 40.00, 23);
INSERT INTO `s14970`.`products` (`id_products`, `id_producer_categories`, `product_name`, `description`, `net_price`, `gross_price`, `tax_value`) VALUES (15, 15, 'DDR3 8GB 1600MHz Corsair', '2x4GB, DualDDR, CL9', 271.54, 334.00, 23);
INSERT INTO `s14970`.`products` (`id_products`, `id_producer_categories`, `product_name`, `description`, `net_price`, `gross_price`, `tax_value`) VALUES (16, 16, 'Msi B250I Gaming Pro AC', 'B250, HDMI, DVI, DDR4, SATA3, M.2, WiFi, mITX, LGA1151', 344.72, 424.00, 23);
INSERT INTO `s14970`.`products` (`id_products`, `id_producer_categories`, `product_name`, `description`, `net_price`, `gross_price`, `tax_value`) VALUES (17, 17, 'Intel Core i3 7300 2x4.0 GHz BOX', 'LGA1151, 4MB, HD 630, 51W', 475.61, 585.00, 23);
INSERT INTO `s14970`.`products` (`id_products`, `id_producer_categories`, `product_name`, `description`, `net_price`, `gross_price`, `tax_value`) VALUES (18, 18, 'Router TP-Link TD-W8968', 'ADSL Annex A 4xLAN USB', 92.68, 114.00, 23);
INSERT INTO `s14970`.`products` (`id_products`, `id_producer_categories`, `product_name`, `description`, `net_price`, `gross_price`, `tax_value`) VALUES (19, 19, 'Cisco SPA112 2 Port Phone Adapter', 'Cisco SPA112 to bramka VoIP', 182.93, 225.00, 23);
INSERT INTO `s14970`.`products` (`id_products`, `id_producer_categories`, `product_name`, `description`, `net_price`, `gross_price`, `tax_value`) VALUES (20, 20, 'Zalman ZM-STG1 pasta termiczna 3.5g', 'Pasta termoprzewodząca', 19.51, 24.00, 23);
INSERT INTO `s14970`.`products` (`id_products`, `id_producer_categories`, `product_name`, `description`, `net_price`, `gross_price`, `tax_value`) VALUES (21, 21, 'Zasilacz do obudowy ATX 500W be quiet! Pure Power 10', '80PLUS Silver', 207.32, 255.00, 23);

COMMIT;


-- -----------------------------------------------------
-- Data for table `s14970`.`adresses`
-- -----------------------------------------------------
START TRANSACTION;
USE `s14970`;
INSERT INTO `s14970`.`adresses` (`id_adresses`, `city`, `voivodeship`, `postal_code`, `street`, `house_number`, `flat_number`) VALUES (1, 'Gdańsk', 'Pomorskie', '80254', 'Wolności', '74', NULL);
INSERT INTO `s14970`.`adresses` (`id_adresses`, `city`, `voivodeship`, `postal_code`, `street`, `house_number`, `flat_number`) VALUES (2, 'Gdynia', 'Pomorskie', '81457', 'Zwycięstwa', '17', NULL);
INSERT INTO `s14970`.`adresses` (`id_adresses`, `city`, `voivodeship`, `postal_code`, `street`, `house_number`, `flat_number`) VALUES (3, 'Sopot', 'Pomorskie', '80001', 'Gdańska', '121', NULL);
INSERT INTO `s14970`.`adresses` (`id_adresses`, `city`, `voivodeship`, `postal_code`, `street`, `house_number`, `flat_number`) VALUES (4, 'Gdynia', 'Pomorskie', '81264', 'Pomorska', '172', NULL);
INSERT INTO `s14970`.`adresses` (`id_adresses`, `city`, `voivodeship`, `postal_code`, `street`, `house_number`, `flat_number`) VALUES (5, 'Sopot', 'Pomorskie', '80330', 'Korczaka', '83', NULL);
INSERT INTO `s14970`.`adresses` (`id_adresses`, `city`, `voivodeship`, `postal_code`, `street`, `house_number`, `flat_number`) VALUES (6, 'Gdańsk', 'Pomorskie', '80111', 'Szyprów', '59', NULL);
INSERT INTO `s14970`.`adresses` (`id_adresses`, `city`, `voivodeship`, `postal_code`, `street`, `house_number`, `flat_number`) VALUES (7, 'Gdynia', 'Pomorskie', '81745', 'Kaprów', '130', NULL);
INSERT INTO `s14970`.`adresses` (`id_adresses`, `city`, `voivodeship`, `postal_code`, `street`, `house_number`, `flat_number`) VALUES (8, 'Gdynia', 'Pomorskie', '80342', 'Powstania Wielkopolskiego', '164', NULL);
INSERT INTO `s14970`.`adresses` (`id_adresses`, `city`, `voivodeship`, `postal_code`, `street`, `house_number`, `flat_number`) VALUES (9, 'Sopot', 'Pomorskie', '81478', '23 Marca', '188', NULL);
INSERT INTO `s14970`.`adresses` (`id_adresses`, `city`, `voivodeship`, `postal_code`, `street`, `house_number`, `flat_number`) VALUES (10, 'Gdynia', 'Pomorskie', '81987', '3 Maja', '31', NULL);
INSERT INTO `s14970`.`adresses` (`id_adresses`, `city`, `voivodeship`, `postal_code`, `street`, `house_number`, `flat_number`) VALUES (11, 'Sopot', 'Pomorskie', '80964', 'Unruga', '84', NULL);
INSERT INTO `s14970`.`adresses` (`id_adresses`, `city`, `voivodeship`, `postal_code`, `street`, `house_number`, `flat_number`) VALUES (12, 'Gdańsk', 'Pomorskie', '80985', 'Piłsudskiego', '30', NULL);
INSERT INTO `s14970`.`adresses` (`id_adresses`, `city`, `voivodeship`, `postal_code`, `street`, `house_number`, `flat_number`) VALUES (13, 'Gdynia', 'Pomorskie', '81695', 'Marszałkowska', '136', NULL);
INSERT INTO `s14970`.`adresses` (`id_adresses`, `city`, `voivodeship`, `postal_code`, `street`, `house_number`, `flat_number`) VALUES (14, 'Sopot', 'Pomorskie', '81258', 'Słowackieg', '10', NULL);
INSERT INTO `s14970`.`adresses` (`id_adresses`, `city`, `voivodeship`, `postal_code`, `street`, `house_number`, `flat_number`) VALUES (15, 'Gdynia', 'Pomorskie', '81235', 'Konopacka', '39', NULL);
INSERT INTO `s14970`.`adresses` (`id_adresses`, `city`, `voivodeship`, `postal_code`, `street`, `house_number`, `flat_number`) VALUES (16, 'Gdańsk', 'Pomorskie', '80784', 'Konopnickiej', '77', NULL);
INSERT INTO `s14970`.`adresses` (`id_adresses`, `city`, `voivodeship`, `postal_code`, `street`, `house_number`, `flat_number`) VALUES (17, 'Gdynia', 'Pomorskie', '81254', 'Kościuszki', '169', NULL);
INSERT INTO `s14970`.`adresses` (`id_adresses`, `city`, `voivodeship`, `postal_code`, `street`, `house_number`, `flat_number`) VALUES (18, 'Gdynia', 'Pomorskie', '81547', 'Matejki', '2', NULL);
INSERT INTO `s14970`.`adresses` (`id_adresses`, `city`, `voivodeship`, `postal_code`, `street`, `house_number`, `flat_number`) VALUES (19, 'Gdańsk', 'Pomorskie', '80934', 'Balladyny', '9', NULL);
INSERT INTO `s14970`.`adresses` (`id_adresses`, `city`, `voivodeship`, `postal_code`, `street`, `house_number`, `flat_number`) VALUES (20, 'Sopot', 'Pomorskie', '80235', 'Grunwaldzka', '19', NULL);
INSERT INTO `s14970`.`adresses` (`id_adresses`, `city`, `voivodeship`, `postal_code`, `street`, `house_number`, `flat_number`) VALUES (21, 'Gdynia', 'Pomorskie', '81257', 'Polska', '6', NULL);
INSERT INTO `s14970`.`adresses` (`id_adresses`, `city`, `voivodeship`, `postal_code`, `street`, `house_number`, `flat_number`) VALUES (22, 'Sopot', 'Pomorskie', '81780', 'Portowa', '103', NULL);
INSERT INTO `s14970`.`adresses` (`id_adresses`, `city`, `voivodeship`, `postal_code`, `street`, `house_number`, `flat_number`) VALUES (23, 'Gdynia', 'Pomorskie', '81654', 'Węglowa', '9', NULL);
INSERT INTO `s14970`.`adresses` (`id_adresses`, `city`, `voivodeship`, `postal_code`, `street`, `house_number`, `flat_number`) VALUES (24, 'Rumia', 'Pomorskie', '84751', 'Powstania Wielkopolskiego', '274', NULL);
INSERT INTO `s14970`.`adresses` (`id_adresses`, `city`, `voivodeship`, `postal_code`, `street`, `house_number`, `flat_number`) VALUES (25, 'Wejherowo', 'Pomorskie', '84715', '23 Marca', '108', NULL);
INSERT INTO `s14970`.`adresses` (`id_adresses`, `city`, `voivodeship`, `postal_code`, `street`, `house_number`, `flat_number`) VALUES (26, 'Gdynia', 'Pomorskie', '81451', '3 Maja', '79', NULL);
INSERT INTO `s14970`.`adresses` (`id_adresses`, `city`, `voivodeship`, `postal_code`, `street`, `house_number`, `flat_number`) VALUES (27, 'Gdańsk', 'Pomorskie', '80951', 'Unruga', '83', NULL);
INSERT INTO `s14970`.`adresses` (`id_adresses`, `city`, `voivodeship`, `postal_code`, `street`, `house_number`, `flat_number`) VALUES (28, 'Sopot', 'Pomorskie', '81743', 'Wejherowska', '112', NULL);
INSERT INTO `s14970`.`adresses` (`id_adresses`, `city`, `voivodeship`, `postal_code`, `street`, `house_number`, `flat_number`) VALUES (29, 'Sztum', 'Pomorskie', '80952', 'Benisławskiego', '237', NULL);
INSERT INTO `s14970`.`adresses` (`id_adresses`, `city`, `voivodeship`, `postal_code`, `street`, `house_number`, `flat_number`) VALUES (30, 'Reda', 'Pomorskie', '84521', 'Stoczniowa', '159', NULL);
INSERT INTO `s14970`.`adresses` (`id_adresses`, `city`, `voivodeship`, `postal_code`, `street`, `house_number`, `flat_number`) VALUES (31, 'Rumia', 'Pomorskie', '84562', 'Portowa', '168', NULL);
INSERT INTO `s14970`.`adresses` (`id_adresses`, `city`, `voivodeship`, `postal_code`, `street`, `house_number`, `flat_number`) VALUES (32, 'Gdynia', 'Pomorskie', '81761', 'Piracka', '215', NULL);
INSERT INTO `s14970`.`adresses` (`id_adresses`, `city`, `voivodeship`, `postal_code`, `street`, `house_number`, `flat_number`) VALUES (33, 'Gdańsk', 'Pomorskie', '80976', 'Oficerska', '255', NULL);
INSERT INTO `s14970`.`adresses` (`id_adresses`, `city`, `voivodeship`, `postal_code`, `street`, `house_number`, `flat_number`) VALUES (34, 'Reda', 'Pomorskie', '84555', 'Architektów', '157', NULL);
INSERT INTO `s14970`.`adresses` (`id_adresses`, `city`, `voivodeship`, `postal_code`, `street`, `house_number`, `flat_number`) VALUES (35, 'Rumia', 'Pomorskie', '84924', 'Ludzka', '250', NULL);
INSERT INTO `s14970`.`adresses` (`id_adresses`, `city`, `voivodeship`, `postal_code`, `street`, `house_number`, `flat_number`) VALUES (36, 'Gdynia', 'Pomorskie', '81222', 'Niemiecka', '52', NULL);
INSERT INTO `s14970`.`adresses` (`id_adresses`, `city`, `voivodeship`, `postal_code`, `street`, `house_number`, `flat_number`) VALUES (37, 'Sopot', 'Pomorskie', '80554', 'Polska', '163', NULL);
INSERT INTO `s14970`.`adresses` (`id_adresses`, `city`, `voivodeship`, `postal_code`, `street`, `house_number`, `flat_number`) VALUES (38, 'Gdynia', 'Pomorskie', '81983', 'Rosyjska', '200', NULL);
INSERT INTO `s14970`.`adresses` (`id_adresses`, `city`, `voivodeship`, `postal_code`, `street`, `house_number`, `flat_number`) VALUES (39, 'Gdańsk', 'Pomorskie', '80724', 'Mariacka', '185', NULL);
INSERT INTO `s14970`.`adresses` (`id_adresses`, `city`, `voivodeship`, `postal_code`, `street`, `house_number`, `flat_number`) VALUES (40, 'Sztum', 'Pomorskie', '80217', 'Pawia', '199', NULL);
INSERT INTO `s14970`.`adresses` (`id_adresses`, `city`, `voivodeship`, `postal_code`, `street`, `house_number`, `flat_number`) VALUES (41, 'Reda', 'Pomorskie', '84792', 'Czarna', '268', NULL);
INSERT INTO `s14970`.`adresses` (`id_adresses`, `city`, `voivodeship`, `postal_code`, `street`, `house_number`, `flat_number`) VALUES (42, 'Rumia', 'Pomorskie', '84214', 'Czerwona', '67', NULL);
INSERT INTO `s14970`.`adresses` (`id_adresses`, `city`, `voivodeship`, `postal_code`, `street`, `house_number`, `flat_number`) VALUES (43, 'Gdynia', 'Pomorskie', '81666', 'Niebieska', '275', NULL);
INSERT INTO `s14970`.`adresses` (`id_adresses`, `city`, `voivodeship`, `postal_code`, `street`, `house_number`, `flat_number`) VALUES (44, 'Wejherowo', 'Pomorskie', '84219', 'Rdestowa', '54', NULL);
INSERT INTO `s14970`.`adresses` (`id_adresses`, `city`, `voivodeship`, `postal_code`, `street`, `house_number`, `flat_number`) VALUES (45, 'Gdynia', 'Pomorskie', '81667', 'Buraczana', '165', NULL);

COMMIT;


-- -----------------------------------------------------
-- Data for table `s14970`.`contacts`
-- -----------------------------------------------------
START TRANSACTION;
USE `s14970`;
INSERT INTO `s14970`.`contacts` (`id_contacts`, `phone_number1`, `phone_number2`, `email`) VALUES (1, '(665) 4194865', NULL, 'weg@msn.com');
INSERT INTO `s14970`.`contacts` (`id_contacts`, `phone_number1`, `phone_number2`, `email`) VALUES (2, '(398) 4750598', NULL, 'jet.ind@live.com');
INSERT INTO `s14970`.`contacts` (`id_contacts`, `phone_number1`, `phone_number2`, `email`) VALUES (3, '(704) 5949296', NULL, 'seaway@gmail.com');
INSERT INTO `s14970`.`contacts` (`id_contacts`, `phone_number1`, `phone_number2`, `email`) VALUES (4, '(280) 8769049', NULL, 'badm@hotmail.com');
INSERT INTO `s14970`.`contacts` (`id_contacts`, `phone_number1`, `phone_number2`, `email`) VALUES (5, '(765) 6954529', NULL, 'radsto@msn.com');
INSERT INTO `s14970`.`contacts` (`id_contacts`, `phone_number1`, `phone_number2`, `email`) VALUES (6, '(445) 4015491', NULL, 'dak@verizon.net');
INSERT INTO `s14970`.`contacts` (`id_contacts`, `phone_number1`, `phone_number2`, `email`) VALUES (7, '(314) 9749194', NULL, 'rajw@att.net');
INSERT INTO `s14970`.`contacts` (`id_contacts`, `phone_number1`, `phone_number2`, `email`) VALUES (8, '(578) 3299544', NULL, 'reb@comcast.net');
INSERT INTO `s14970`.`contacts` (`id_contacts`, `phone_number1`, `phone_number2`, `email`) VALUES (9, '(628) 6887292', NULL, 'msusa@live.com');
INSERT INTO `s14970`.`contacts` (`id_contacts`, `phone_number1`, `phone_number2`, `email`) VALUES (10, '(831) 2487206', NULL, 'harryh@mac.com');
INSERT INTO `s14970`.`contacts` (`id_contacts`, `phone_number1`, `phone_number2`, `email`) VALUES (11, '(772) 1879435', NULL, 'garyjb@sbcglobal.net');
INSERT INTO `s14970`.`contacts` (`id_contacts`, `phone_number1`, `phone_number2`, `email`) VALUES (12, '(207) 8925298', NULL, 'kenja@yahoo.ca');
INSERT INTO `s14970`.`contacts` (`id_contacts`, `phone_number1`, `phone_number2`, `email`) VALUES (13, '(818) 4754631', NULL, 'jdhedden@live.com');
INSERT INTO `s14970`.`contacts` (`id_contacts`, `phone_number1`, `phone_number2`, `email`) VALUES (14, '(449) 3476764', NULL, 'miturria@gmail.com');
INSERT INTO `s14970`.`contacts` (`id_contacts`, `phone_number1`, `phone_number2`, `email`) VALUES (15, '(587) 4215978', NULL, 'clkao@comcast.net');
INSERT INTO `s14970`.`contacts` (`id_contacts`, `phone_number1`, `phone_number2`, `email`) VALUES (16, '(907) 6403670', NULL, 'treeves@hotmail.com');
INSERT INTO `s14970`.`contacts` (`id_contacts`, `phone_number1`, `phone_number2`, `email`) VALUES (17, '(857) 5025324', NULL, 'fhirsch@icloud.com');
INSERT INTO `s14970`.`contacts` (`id_contacts`, `phone_number1`, `phone_number2`, `email`) VALUES (18, '(950) 3649618', NULL, 'boser@me.com');
INSERT INTO `s14970`.`contacts` (`id_contacts`, `phone_number1`, `phone_number2`, `email`) VALUES (19, '(574) 9729916', NULL, 'matsn@me.com');
INSERT INTO `s14970`.`contacts` (`id_contacts`, `phone_number1`, `phone_number2`, `email`) VALUES (20, '(933) 8428494', NULL, 'barlow@me.com');
INSERT INTO `s14970`.`contacts` (`id_contacts`, `phone_number1`, `phone_number2`, `email`) VALUES (21, '(562) 2366524', NULL, 'scottlee@msn.com');
INSERT INTO `s14970`.`contacts` (`id_contacts`, `phone_number1`, `phone_number2`, `email`) VALUES (22, '(922) 1857560', NULL, 'duchamp@hotmail.com');
INSERT INTO `s14970`.`contacts` (`id_contacts`, `phone_number1`, `phone_number2`, `email`) VALUES (23, '(383) 3535994', NULL, 'pjacklam@yahoo.ca');
INSERT INTO `s14970`.`contacts` (`id_contacts`, `phone_number1`, `phone_number2`, `email`) VALUES (24, '(420) 5127763', NULL, 'naoya@att.net');
INSERT INTO `s14970`.`contacts` (`id_contacts`, `phone_number1`, `phone_number2`, `email`) VALUES (25, '(695) 3047946', NULL, 'moinefou@verizon.net');
INSERT INTO `s14970`.`contacts` (`id_contacts`, `phone_number1`, `phone_number2`, `email`) VALUES (26, '(285) 5064941', NULL, 'alfred@live.com');
INSERT INTO `s14970`.`contacts` (`id_contacts`, `phone_number1`, `phone_number2`, `email`) VALUES (27, '(882) 6258507', NULL, 'teverett@sbcglobal.net');
INSERT INTO `s14970`.`contacts` (`id_contacts`, `phone_number1`, `phone_number2`, `email`) VALUES (28, '(409) 1850967', NULL, 'zeller@optonline.net');
INSERT INTO `s14970`.`contacts` (`id_contacts`, `phone_number1`, `phone_number2`, `email`) VALUES (29, '(589) 8344723', NULL, 'grinder@msn.com');
INSERT INTO `s14970`.`contacts` (`id_contacts`, `phone_number1`, `phone_number2`, `email`) VALUES (30, '(542) 3639773', NULL, 'kawasaki@yahoo.ca');
INSERT INTO `s14970`.`contacts` (`id_contacts`, `phone_number1`, `phone_number2`, `email`) VALUES (31, '(833) 6316561', NULL, 'garyjb@live.com');
INSERT INTO `s14970`.`contacts` (`id_contacts`, `phone_number1`, `phone_number2`, `email`) VALUES (32, '(229) 9026678', NULL, 'moxfulder@yahoo.com');
INSERT INTO `s14970`.`contacts` (`id_contacts`, `phone_number1`, `phone_number2`, `email`) VALUES (33, '(687) 4599266', NULL, 'unreal@comcast.net');
INSERT INTO `s14970`.`contacts` (`id_contacts`, `phone_number1`, `phone_number2`, `email`) VALUES (34, '(507) 5025997', NULL, 'jaffe@msn.com');
INSERT INTO `s14970`.`contacts` (`id_contacts`, `phone_number1`, `phone_number2`, `email`) VALUES (35, '(783) 9789600', NULL, 'netsfr@att.net');
INSERT INTO `s14970`.`contacts` (`id_contacts`, `phone_number1`, `phone_number2`, `email`) VALUES (36, '(701) 5228729', NULL, 'dbanarse@live.com');
INSERT INTO `s14970`.`contacts` (`id_contacts`, `phone_number1`, `phone_number2`, `email`) VALUES (37, '(870) 4980903', NULL, 'crowl@sbcglobal.net');
INSERT INTO `s14970`.`contacts` (`id_contacts`, `phone_number1`, `phone_number2`, `email`) VALUES (38, '(137) 8895273', NULL, 'fudrucker@me.com');
INSERT INTO `s14970`.`contacts` (`id_contacts`, `phone_number1`, `phone_number2`, `email`) VALUES (39, '(450) 2260922', NULL, 'aegreene@yahoo.com');
INSERT INTO `s14970`.`contacts` (`id_contacts`, `phone_number1`, `phone_number2`, `email`) VALUES (40, '(332) 1469729', NULL, 'syrinx@comcast.net');
INSERT INTO `s14970`.`contacts` (`id_contacts`, `phone_number1`, `phone_number2`, `email`) VALUES (41, '(466) 6317457', NULL, 'msusa@outlook.com');
INSERT INTO `s14970`.`contacts` (`id_contacts`, `phone_number1`, `phone_number2`, `email`) VALUES (42, '(932) 7220815', NULL, 'seano@yahoo.ca');
INSERT INTO `s14970`.`contacts` (`id_contacts`, `phone_number1`, `phone_number2`, `email`) VALUES (43, '(196) 5816984', NULL, 'bastian@outlook.com');
INSERT INTO `s14970`.`contacts` (`id_contacts`, `phone_number1`, `phone_number2`, `email`) VALUES (44, '(846) 5232994', NULL, 'reeds@mac.com');
INSERT INTO `s14970`.`contacts` (`id_contacts`, `phone_number1`, `phone_number2`, `email`) VALUES (45, '(516) 5581610', NULL, 'hermanab@att.net');

COMMIT;


-- -----------------------------------------------------
-- Data for table `s14970`.`clients`
-- -----------------------------------------------------
START TRANSACTION;
USE `s14970`;
INSERT INTO `s14970`.`clients` (`id_client`, `id_adresses`, `id_contacts`, `company_name`, `regon`, `nip`, `surname`, `name`, `client_type`) VALUES (1, 1, 1, 'Bull Coms', '67421576794412', '2944539916', 'Górka', 'Weronika', 'Firma');
INSERT INTO `s14970`.`clients` (`id_client`, `id_adresses`, `id_contacts`, `company_name`, `regon`, `nip`, `surname`, `name`, `client_type`) VALUES (2, 2, 2, 'Jet Industries', NULL, '5997924587', 'Kava', 'Alfreda', 'Firma');
INSERT INTO `s14970`.`clients` (`id_client`, `id_adresses`, `id_contacts`, `company_name`, `regon`, `nip`, `surname`, `name`, `client_type`) VALUES (3, 3, 3, 'Seaway Productions', NULL, '2125455915', 'Sitko', 'Dawid', 'Firma');
INSERT INTO `s14970`.`clients` (`id_client`, `id_adresses`, `id_contacts`, `company_name`, `regon`, `nip`, `surname`, `name`, `client_type`) VALUES (4, 4, 4, 'Midnightelligence', NULL, '2412303768', 'Mikolajczak', 'Basia', 'Firma');
INSERT INTO `s14970`.`clients` (`id_client`, `id_adresses`, `id_contacts`, `company_name`, `regon`, `nip`, `surname`, `name`, `client_type`) VALUES (5, 5, 5, 'Rabbitechnologies', NULL, '4264051513', 'Stolarz', 'Radomiła', 'Firma');
INSERT INTO `s14970`.`clients` (`id_client`, `id_adresses`, `id_contacts`, `company_name`, `regon`, `nip`, `surname`, `name`, `client_type`) VALUES (6, 6, 6, 'Wonderprises', NULL, '1433286000', 'Kedzierski', 'Darek', 'Firma');
INSERT INTO `s14970`.`clients` (`id_client`, `id_adresses`, `id_contacts`, `company_name`, `regon`, `nip`, `surname`, `name`, `client_type`) VALUES (7, 7, 7, 'Tempestechnologies', NULL, '3134988072', 'Wronski', 'Rajmund', 'Firma');
INSERT INTO `s14970`.`clients` (`id_client`, `id_adresses`, `id_contacts`, `company_name`, `regon`, `nip`, `surname`, `name`, `client_type`) VALUES (8, 8, 8, 'Smartwares', NULL, '3380349761', 'Brzezicki', 'Remigiusz', 'Firma');
INSERT INTO `s14970`.`clients` (`id_client`, `id_adresses`, `id_contacts`, `company_name`, `regon`, `nip`, `surname`, `name`, `client_type`) VALUES (9, 9, 9, 'Twilightshine', NULL, '4848874659', 'Szweda', 'Pola', 'Firma');
INSERT INTO `s14970`.`clients` (`id_client`, `id_adresses`, `id_contacts`, `company_name`, `regon`, `nip`, `surname`, `name`, `client_type`) VALUES (10, 10, 10, 'Mapleways', NULL, '1856285574', 'Budny', 'Włodzimierz', 'Firma');
INSERT INTO `s14970`.`clients` (`id_client`, `id_adresses`, `id_contacts`, `company_name`, `regon`, `nip`, `surname`, `name`, `client_type`) VALUES (11, 11, 11, 'Loki Sports', NULL, '5355638006', 'Sierzant', 'Marika', 'Firma');
INSERT INTO `s14970`.`clients` (`id_client`, `id_adresses`, `id_contacts`, `company_name`, `regon`, `nip`, `surname`, `name`, `client_type`) VALUES (12, 12, 12, 'Oracle Corp', '37171450023217', '9670895920', 'Szewc', 'Marianna', 'Firma');
INSERT INTO `s14970`.`clients` (`id_client`, `id_adresses`, `id_contacts`, `company_name`, `regon`, `nip`, `surname`, `name`, `client_type`) VALUES (13, 13, 13, 'Fluke Microsystems', NULL, '1247972634', 'Wojewoda', 'Elżbieta', 'Firma');
INSERT INTO `s14970`.`clients` (`id_client`, `id_adresses`, `id_contacts`, `company_name`, `regon`, `nip`, `surname`, `name`, `client_type`) VALUES (14, 14, 14, 'Marsecuriy', NULL, '1941460964', 'Jordan', 'Walenty', 'Firma');
INSERT INTO `s14970`.`clients` (`id_client`, `id_adresses`, `id_contacts`, `company_name`, `regon`, `nip`, `surname`, `name`, `client_type`) VALUES (15, 15, 15, 'Wonderprises', NULL, '2835296320', 'Czajkowski', 'Jędrzej', 'Firma');
INSERT INTO `s14970`.`clients` (`id_client`, `id_adresses`, `id_contacts`, `company_name`, `regon`, `nip`, `surname`, `name`, `client_type`) VALUES (16, 16, 16, 'Pearlightning', NULL, '3638656370', 'Stanek', 'Walery', 'Firma');
INSERT INTO `s14970`.`clients` (`id_client`, `id_adresses`, `id_contacts`, `company_name`, `regon`, `nip`, `surname`, `name`, `client_type`) VALUES (17, 17, 17, 'Crypticorps', '11808105679033', '8431948245', 'Gniewek', 'Warcisław', 'Firma');
INSERT INTO `s14970`.`clients` (`id_client`, `id_adresses`, `id_contacts`, `company_name`, `regon`, `nip`, `surname`, `name`, `client_type`) VALUES (18, 18, 18, 'Gorillabar', NULL, '7849556259', 'Michel', 'Jowita', 'Firma');
INSERT INTO `s14970`.`clients` (`id_client`, `id_adresses`, `id_contacts`, `company_name`, `regon`, `nip`, `surname`, `name`, `client_type`) VALUES (19, 19, 19, 'Leopardshadow', NULL, '5978426569', 'Kosmatka', 'Brygida', 'Firma');
INSERT INTO `s14970`.`clients` (`id_client`, `id_adresses`, `id_contacts`, `company_name`, `regon`, `nip`, `surname`, `name`, `client_type`) VALUES (20, 20, 20, 'Stormaid', '15210915319694', '4182427745', 'Niemec', 'Kalina', 'Firma');
INSERT INTO `s14970`.`clients` (`id_client`, `id_adresses`, `id_contacts`, `company_name`, `regon`, `nip`, `surname`, `name`, `client_type`) VALUES (21, 21, 21, 'Solstice Sports', NULL, '6274832093', 'Dubanowski', 'Bazyli', 'Firma');
INSERT INTO `s14970`.`clients` (`id_client`, `id_adresses`, `id_contacts`, `company_name`, `regon`, `nip`, `surname`, `name`, `client_type`) VALUES (22, 22, 22, 'Dinosaur Networks', NULL, '8697737629', 'Janowski', 'Błażej', 'Firma');
INSERT INTO `s14970`.`clients` (`id_client`, `id_adresses`, `id_contacts`, `company_name`, `regon`, `nip`, `surname`, `name`, `client_type`) VALUES (23, 23, 23, NULL, NULL, NULL, 'Wąsaty', 'Janusz', 'Prywatny');

COMMIT;


-- -----------------------------------------------------
-- Data for table `s14970`.`orders`
-- -----------------------------------------------------
START TRANSACTION;
USE `s14970`;
INSERT INTO `s14970`.`orders` (`id_orders`, `id_client`, `order_date`, `order_affirmation`, `affirmation_date`, `is_paid`, `shipment_date`, `is_order_completed`, `order_realisation_date`) VALUES (1, 1, '2018-01-02', 1, '2018-01-02', 0, NULL, 1, '2018-01-02');
INSERT INTO `s14970`.`orders` (`id_orders`, `id_client`, `order_date`, `order_affirmation`, `affirmation_date`, `is_paid`, `shipment_date`, `is_order_completed`, `order_realisation_date`) VALUES (2, 2, '2018-01-03', 1, '2018-01-03', 1, NULL, 1, '2018-01-03');
INSERT INTO `s14970`.`orders` (`id_orders`, `id_client`, `order_date`, `order_affirmation`, `affirmation_date`, `is_paid`, `shipment_date`, `is_order_completed`, `order_realisation_date`) VALUES (3, 3, '2018-01-03', 1, '2018-01-03', 1, NULL, 1, '2018-01-03');
INSERT INTO `s14970`.`orders` (`id_orders`, `id_client`, `order_date`, `order_affirmation`, `affirmation_date`, `is_paid`, `shipment_date`, `is_order_completed`, `order_realisation_date`) VALUES (4, 4, '2018-01-03', 1, '2018-01-03', 1, NULL, 1, '2018-01-03');
INSERT INTO `s14970`.`orders` (`id_orders`, `id_client`, `order_date`, `order_affirmation`, `affirmation_date`, `is_paid`, `shipment_date`, `is_order_completed`, `order_realisation_date`) VALUES (5, 5, '2018-01-03', 1, '2018-01-03', 1, NULL, 1, '2018-01-03');
INSERT INTO `s14970`.`orders` (`id_orders`, `id_client`, `order_date`, `order_affirmation`, `affirmation_date`, `is_paid`, `shipment_date`, `is_order_completed`, `order_realisation_date`) VALUES (6, 6, '2018-01-04', 1, '2018-01-04', 1, NULL, 1, '2018-01-04');
INSERT INTO `s14970`.`orders` (`id_orders`, `id_client`, `order_date`, `order_affirmation`, `affirmation_date`, `is_paid`, `shipment_date`, `is_order_completed`, `order_realisation_date`) VALUES (7, 7, '2018-01-04', 1, '2018-01-04', 1, NULL, 1, '2018-01-04');
INSERT INTO `s14970`.`orders` (`id_orders`, `id_client`, `order_date`, `order_affirmation`, `affirmation_date`, `is_paid`, `shipment_date`, `is_order_completed`, `order_realisation_date`) VALUES (8, 8, '2018-01-04', 1, '2018-01-04', 1, NULL, 1, '2018-01-04');
INSERT INTO `s14970`.`orders` (`id_orders`, `id_client`, `order_date`, `order_affirmation`, `affirmation_date`, `is_paid`, `shipment_date`, `is_order_completed`, `order_realisation_date`) VALUES (9, 9, '2018-01-04', 1, '2018-01-04', 1, NULL, 1, '2018-01-04');
INSERT INTO `s14970`.`orders` (`id_orders`, `id_client`, `order_date`, `order_affirmation`, `affirmation_date`, `is_paid`, `shipment_date`, `is_order_completed`, `order_realisation_date`) VALUES (10, 10, '2018-01-04', 1, '2018-01-04', 1, NULL, 1, '2018-01-04');
INSERT INTO `s14970`.`orders` (`id_orders`, `id_client`, `order_date`, `order_affirmation`, `affirmation_date`, `is_paid`, `shipment_date`, `is_order_completed`, `order_realisation_date`) VALUES (11, 11, '2018-01-04', 1, '2018-01-04', 1, NULL, 1, '2018-01-04');
INSERT INTO `s14970`.`orders` (`id_orders`, `id_client`, `order_date`, `order_affirmation`, `affirmation_date`, `is_paid`, `shipment_date`, `is_order_completed`, `order_realisation_date`) VALUES (12, 12, '2018-01-05', 1, '2018-01-05', 0, NULL, 1, '2018-01-05');
INSERT INTO `s14970`.`orders` (`id_orders`, `id_client`, `order_date`, `order_affirmation`, `affirmation_date`, `is_paid`, `shipment_date`, `is_order_completed`, `order_realisation_date`) VALUES (13, 13, '2018-01-05', 1, '2018-01-05', 1, NULL, 1, '2018-01-05');
INSERT INTO `s14970`.`orders` (`id_orders`, `id_client`, `order_date`, `order_affirmation`, `affirmation_date`, `is_paid`, `shipment_date`, `is_order_completed`, `order_realisation_date`) VALUES (14, 14, '2018-01-05', 1, '2018-01-05', 1, NULL, 1, '2018-01-05');
INSERT INTO `s14970`.`orders` (`id_orders`, `id_client`, `order_date`, `order_affirmation`, `affirmation_date`, `is_paid`, `shipment_date`, `is_order_completed`, `order_realisation_date`) VALUES (15, 15, '2018-01-05', 1, '2018-01-05', 1, NULL, 1, '2018-01-05');
INSERT INTO `s14970`.`orders` (`id_orders`, `id_client`, `order_date`, `order_affirmation`, `affirmation_date`, `is_paid`, `shipment_date`, `is_order_completed`, `order_realisation_date`) VALUES (16, 16, '2018-01-05', 1, '2018-01-05', 1, NULL, 1, '2018-01-05');
INSERT INTO `s14970`.`orders` (`id_orders`, `id_client`, `order_date`, `order_affirmation`, `affirmation_date`, `is_paid`, `shipment_date`, `is_order_completed`, `order_realisation_date`) VALUES (17, 17, '2018-01-05', 1, '2018-01-05', 0, NULL, 1, '2018-01-05');
INSERT INTO `s14970`.`orders` (`id_orders`, `id_client`, `order_date`, `order_affirmation`, `affirmation_date`, `is_paid`, `shipment_date`, `is_order_completed`, `order_realisation_date`) VALUES (18, 18, '2018-01-05', 1, '2018-01-05', 1, NULL, 1, '2018-01-05');
INSERT INTO `s14970`.`orders` (`id_orders`, `id_client`, `order_date`, `order_affirmation`, `affirmation_date`, `is_paid`, `shipment_date`, `is_order_completed`, `order_realisation_date`) VALUES (19, 19, '2018-01-05', 1, '2018-01-05', 1, NULL, 1, '2018-01-05');
INSERT INTO `s14970`.`orders` (`id_orders`, `id_client`, `order_date`, `order_affirmation`, `affirmation_date`, `is_paid`, `shipment_date`, `is_order_completed`, `order_realisation_date`) VALUES (20, 20, '2018-01-06', 1, '2018-01-06', 0, NULL, 1, '2018-01-06');
INSERT INTO `s14970`.`orders` (`id_orders`, `id_client`, `order_date`, `order_affirmation`, `affirmation_date`, `is_paid`, `shipment_date`, `is_order_completed`, `order_realisation_date`) VALUES (21, 21, '2018-01-06', 1, '2018-01-06', 1, NULL, 1, '2018-01-06');
INSERT INTO `s14970`.`orders` (`id_orders`, `id_client`, `order_date`, `order_affirmation`, `affirmation_date`, `is_paid`, `shipment_date`, `is_order_completed`, `order_realisation_date`) VALUES (22, 22, '2018-01-06', 1, '2018-01-06', 1, NULL, 1, '2018-01-06');
INSERT INTO `s14970`.`orders` (`id_orders`, `id_client`, `order_date`, `order_affirmation`, `affirmation_date`, `is_paid`, `shipment_date`, `is_order_completed`, `order_realisation_date`) VALUES (23, 23, '2018-01-06', 1, '2018-01-06', 1, NULL, 1, '2018-01-06');

COMMIT;


-- -----------------------------------------------------
-- Data for table `s14970`.`order_products`
-- -----------------------------------------------------
START TRANSACTION;
USE `s14970`;
INSERT INTO `s14970`.`order_products` (`id_order_products`, `id_orders`, `id_products`) VALUES (1, 1, 1);
INSERT INTO `s14970`.`order_products` (`id_order_products`, `id_orders`, `id_products`) VALUES (2, 1, 2);
INSERT INTO `s14970`.`order_products` (`id_order_products`, `id_orders`, `id_products`) VALUES (3, 2, 5);
INSERT INTO `s14970`.`order_products` (`id_order_products`, `id_orders`, `id_products`) VALUES (4, 3, 1);
INSERT INTO `s14970`.`order_products` (`id_order_products`, `id_orders`, `id_products`) VALUES (5, 3, 3);
INSERT INTO `s14970`.`order_products` (`id_order_products`, `id_orders`, `id_products`) VALUES (6, 4, 5);
INSERT INTO `s14970`.`order_products` (`id_order_products`, `id_orders`, `id_products`) VALUES (7, 4, 6);
INSERT INTO `s14970`.`order_products` (`id_order_products`, `id_orders`, `id_products`) VALUES (8, 4, 9);
INSERT INTO `s14970`.`order_products` (`id_order_products`, `id_orders`, `id_products`) VALUES (9, 5, 15);
INSERT INTO `s14970`.`order_products` (`id_order_products`, `id_orders`, `id_products`) VALUES (10, 6, 2);
INSERT INTO `s14970`.`order_products` (`id_order_products`, `id_orders`, `id_products`) VALUES (11, 6, 6);
INSERT INTO `s14970`.`order_products` (`id_order_products`, `id_orders`, `id_products`) VALUES (12, 7, 4);
INSERT INTO `s14970`.`order_products` (`id_order_products`, `id_orders`, `id_products`) VALUES (13, 8, 3);
INSERT INTO `s14970`.`order_products` (`id_order_products`, `id_orders`, `id_products`) VALUES (14, 9, 1);
INSERT INTO `s14970`.`order_products` (`id_order_products`, `id_orders`, `id_products`) VALUES (15, 9, 3);
INSERT INTO `s14970`.`order_products` (`id_order_products`, `id_orders`, `id_products`) VALUES (16, 9, 7);
INSERT INTO `s14970`.`order_products` (`id_order_products`, `id_orders`, `id_products`) VALUES (17, 9, 8);
INSERT INTO `s14970`.`order_products` (`id_order_products`, `id_orders`, `id_products`) VALUES (18, 10, 8);
INSERT INTO `s14970`.`order_products` (`id_order_products`, `id_orders`, `id_products`) VALUES (19, 11, 4);
INSERT INTO `s14970`.`order_products` (`id_order_products`, `id_orders`, `id_products`) VALUES (20, 11, 5);
INSERT INTO `s14970`.`order_products` (`id_order_products`, `id_orders`, `id_products`) VALUES (21, 12, 1);
INSERT INTO `s14970`.`order_products` (`id_order_products`, `id_orders`, `id_products`) VALUES (22, 12, 2);
INSERT INTO `s14970`.`order_products` (`id_order_products`, `id_orders`, `id_products`) VALUES (23, 12, 3);
INSERT INTO `s14970`.`order_products` (`id_order_products`, `id_orders`, `id_products`) VALUES (24, 13, 4);
INSERT INTO `s14970`.`order_products` (`id_order_products`, `id_orders`, `id_products`) VALUES (25, 13, 5);
INSERT INTO `s14970`.`order_products` (`id_order_products`, `id_orders`, `id_products`) VALUES (26, 13, 6);
INSERT INTO `s14970`.`order_products` (`id_order_products`, `id_orders`, `id_products`) VALUES (27, 14, 5);
INSERT INTO `s14970`.`order_products` (`id_order_products`, `id_orders`, `id_products`) VALUES (28, 14, 8);
INSERT INTO `s14970`.`order_products` (`id_order_products`, `id_orders`, `id_products`) VALUES (29, 14, 9);
INSERT INTO `s14970`.`order_products` (`id_order_products`, `id_orders`, `id_products`) VALUES (30, 15, 10);
INSERT INTO `s14970`.`order_products` (`id_order_products`, `id_orders`, `id_products`) VALUES (31, 15, 12);
INSERT INTO `s14970`.`order_products` (`id_order_products`, `id_orders`, `id_products`) VALUES (32, 16, 13);
INSERT INTO `s14970`.`order_products` (`id_order_products`, `id_orders`, `id_products`) VALUES (33, 17, 15);
INSERT INTO `s14970`.`order_products` (`id_order_products`, `id_orders`, `id_products`) VALUES (34, 17, 18);
INSERT INTO `s14970`.`order_products` (`id_order_products`, `id_orders`, `id_products`) VALUES (35, 18, 18);
INSERT INTO `s14970`.`order_products` (`id_order_products`, `id_orders`, `id_products`) VALUES (36, 19, 16);
INSERT INTO `s14970`.`order_products` (`id_order_products`, `id_orders`, `id_products`) VALUES (37, 19, 17);
INSERT INTO `s14970`.`order_products` (`id_order_products`, `id_orders`, `id_products`) VALUES (38, 19, 19);
INSERT INTO `s14970`.`order_products` (`id_order_products`, `id_orders`, `id_products`) VALUES (39, 19, 21);
INSERT INTO `s14970`.`order_products` (`id_order_products`, `id_orders`, `id_products`) VALUES (40, 20, 15);
INSERT INTO `s14970`.`order_products` (`id_order_products`, `id_orders`, `id_products`) VALUES (41, 20, 18);
INSERT INTO `s14970`.`order_products` (`id_order_products`, `id_orders`, `id_products`) VALUES (42, 21, 11);
INSERT INTO `s14970`.`order_products` (`id_order_products`, `id_orders`, `id_products`) VALUES (43, 21, 14);
INSERT INTO `s14970`.`order_products` (`id_order_products`, `id_orders`, `id_products`) VALUES (44, 21, 20);
INSERT INTO `s14970`.`order_products` (`id_order_products`, `id_orders`, `id_products`) VALUES (45, 22, 2);
INSERT INTO `s14970`.`order_products` (`id_order_products`, `id_orders`, `id_products`) VALUES (46, 23, 3);
INSERT INTO `s14970`.`order_products` (`id_order_products`, `id_orders`, `id_products`) VALUES (47, 23, 4);

COMMIT;


-- -----------------------------------------------------
-- Data for table `s14970`.`workers`
-- -----------------------------------------------------
START TRANSACTION;
USE `s14970`;
INSERT INTO `s14970`.`workers` (`id_workers`, `id_adresses`, `id_contacts`, `name`, `surname`) VALUES (1, 24, 24, 'Agata', 'Stolarz');
INSERT INTO `s14970`.`workers` (`id_workers`, `id_adresses`, `id_contacts`, `name`, `surname`) VALUES (2, 25, 25, 'Walentyna', 'Marek');
INSERT INTO `s14970`.`workers` (`id_workers`, `id_adresses`, `id_contacts`, `name`, `surname`) VALUES (3, 26, 26, 'Ksenia', 'Gwizdek');
INSERT INTO `s14970`.`workers` (`id_workers`, `id_adresses`, `id_contacts`, `name`, `surname`) VALUES (4, 27, 27, 'Bonifacy', 'Szwarc');
INSERT INTO `s14970`.`workers` (`id_workers`, `id_adresses`, `id_contacts`, `name`, `surname`) VALUES (5, 28, 28, 'Krysia', 'Michel');
INSERT INTO `s14970`.`workers` (`id_workers`, `id_adresses`, `id_contacts`, `name`, `surname`) VALUES (6, 29, 29, 'Nikodem', 'Malinowski');
INSERT INTO `s14970`.`workers` (`id_workers`, `id_adresses`, `id_contacts`, `name`, `surname`) VALUES (7, 30, 30, 'Izydor', 'Kowalczyk');
INSERT INTO `s14970`.`workers` (`id_workers`, `id_adresses`, `id_contacts`, `name`, `surname`) VALUES (8, 31, 31, 'Krzyś', 'Wrona');
INSERT INTO `s14970`.`workers` (`id_workers`, `id_adresses`, `id_contacts`, `name`, `surname`) VALUES (9, 32, 32, 'Regina', 'Górka');
INSERT INTO `s14970`.`workers` (`id_workers`, `id_adresses`, `id_contacts`, `name`, `surname`) VALUES (10, 33, 33, 'Walenty', 'Jaskulski');
INSERT INTO `s14970`.`workers` (`id_workers`, `id_adresses`, `id_contacts`, `name`, `surname`) VALUES (11, 34, 34, 'Gertruda', 'Szweda');
INSERT INTO `s14970`.`workers` (`id_workers`, `id_adresses`, `id_contacts`, `name`, `surname`) VALUES (12, 35, 35, 'Przemo', 'Michel');
INSERT INTO `s14970`.`workers` (`id_workers`, `id_adresses`, `id_contacts`, `name`, `surname`) VALUES (13, 36, 36, 'Szczepan', 'Jankowski');
INSERT INTO `s14970`.`workers` (`id_workers`, `id_adresses`, `id_contacts`, `name`, `surname`) VALUES (14, 37, 37, 'Olek', 'Sitko');
INSERT INTO `s14970`.`workers` (`id_workers`, `id_adresses`, `id_contacts`, `name`, `surname`) VALUES (15, 38, 38, 'Mirosław', 'Król');
INSERT INTO `s14970`.`workers` (`id_workers`, `id_adresses`, `id_contacts`, `name`, `surname`) VALUES (16, 39, 39, 'Marcel', 'Rudaski');
INSERT INTO `s14970`.`workers` (`id_workers`, `id_adresses`, `id_contacts`, `name`, `surname`) VALUES (17, 40, 40, 'Joachim', 'Piotrowski');
INSERT INTO `s14970`.`workers` (`id_workers`, `id_adresses`, `id_contacts`, `name`, `surname`) VALUES (18, 41, 41, 'Walenty', 'Lis');
INSERT INTO `s14970`.`workers` (`id_workers`, `id_adresses`, `id_contacts`, `name`, `surname`) VALUES (19, 42, 42, 'Roch', 'Górecki');
INSERT INTO `s14970`.`workers` (`id_workers`, `id_adresses`, `id_contacts`, `name`, `surname`) VALUES (20, 43, 43, 'Tytus', 'Szczepański');
INSERT INTO `s14970`.`workers` (`id_workers`, `id_adresses`, `id_contacts`, `name`, `surname`) VALUES (21, 44, 44, 'Lesław', 'Ziemniak');
INSERT INTO `s14970`.`workers` (`id_workers`, `id_adresses`, `id_contacts`, `name`, `surname`) VALUES (22, 45, 45, 'Jarosław', 'Kret');

COMMIT;


-- -----------------------------------------------------
-- Data for table `s14970`.`invoices`
-- -----------------------------------------------------
START TRANSACTION;
USE `s14970`;
INSERT INTO `s14970`.`invoices` (`id_invoices`, `id_workers`, `id_orders`, `invoice_number`, `sale_date`, `net_value`, `gross_value`, `tax_value`, `bank_name`, `payment_form`, `document_type`) VALUES (1, 1, 1, '1/01/2018', '2018-01-02', '447,97', '551,00', '23', 'null', 'przelew', 'faktura');
INSERT INTO `s14970`.`invoices` (`id_invoices`, `id_workers`, `id_orders`, `invoice_number`, `sale_date`, `net_value`, `gross_value`, `tax_value`, `bank_name`, `payment_form`, `document_type`) VALUES (2, 1, 2, '2/01/2018', '2018-01-03', '34,15', '42,00', '23', 'null', 'kartą', 'faktura');
INSERT INTO `s14970`.`invoices` (`id_invoices`, `id_workers`, `id_orders`, `invoice_number`, `sale_date`, `net_value`, `gross_value`, `tax_value`, `bank_name`, `payment_form`, `document_type`) VALUES (3, 1, 3, '3/01/2018', '2018-01-03', '176,43', '217,01', '23', 'null', 'kartą', 'faktura');
INSERT INTO `s14970`.`invoices` (`id_invoices`, `id_workers`, `id_orders`, `invoice_number`, `sale_date`, `net_value`, `gross_value`, `tax_value`, `bank_name`, `payment_form`, `document_type`) VALUES (4, 1, 4, '4/01/2018', '2018-01-03', '608,13', '748,00', '23', 'null', 'kartą', 'faktura');
INSERT INTO `s14970`.`invoices` (`id_invoices`, `id_workers`, `id_orders`, `invoice_number`, `sale_date`, `net_value`, `gross_value`, `tax_value`, `bank_name`, `payment_form`, `document_type`) VALUES (5, 1, 5, '5/01/2018', '2018-01-03', '271,54', '333,99', '23', 'null', 'kartą', 'faktura');
INSERT INTO `s14970`.`invoices` (`id_invoices`, `id_workers`, `id_orders`, `invoice_number`, `sale_date`, `net_value`, `gross_value`, `tax_value`, `bank_name`, `payment_form`, `document_type`) VALUES (6, 1, 6, '6/01/2018', '2018-01-04', '548,78', '675,00', '23', 'null', 'kartą', 'faktura');
INSERT INTO `s14970`.`invoices` (`id_invoices`, `id_workers`, `id_orders`, `invoice_number`, `sale_date`, `net_value`, `gross_value`, `tax_value`, `bank_name`, `payment_form`, `document_type`) VALUES (7, 3, 7, '7/01/2018', '2018-01-04', '61,79', '76,00', '23', 'null', 'kartą', 'faktura');
INSERT INTO `s14970`.`invoices` (`id_invoices`, `id_workers`, `id_orders`, `invoice_number`, `sale_date`, `net_value`, `gross_value`, `tax_value`, `bank_name`, `payment_form`, `document_type`) VALUES (8, 2, 8, '8/01/2018', '2018-01-04', '158,54', '195,00', '23', 'null', 'kartą', 'faktura');
INSERT INTO `s14970`.`invoices` (`id_invoices`, `id_workers`, `id_orders`, `invoice_number`, `sale_date`, `net_value`, `gross_value`, `tax_value`, `bank_name`, `payment_form`, `document_type`) VALUES (9, 2, 9, '9/01/2018', '2018-01-04', '460,17', '566,01', '23', 'null', 'kartą', 'faktura');
INSERT INTO `s14970`.`invoices` (`id_invoices`, `id_workers`, `id_orders`, `invoice_number`, `sale_date`, `net_value`, `gross_value`, `tax_value`, `bank_name`, `payment_form`, `document_type`) VALUES (10, 2, 10, '10/01/2018', '2018-01-04', '40,65', '50,00', '23', 'null', 'kartą', 'faktura');
INSERT INTO `s14970`.`invoices` (`id_invoices`, `id_workers`, `id_orders`, `invoice_number`, `sale_date`, `net_value`, `gross_value`, `tax_value`, `bank_name`, `payment_form`, `document_type`) VALUES (11, 3, 11, '11/01/2018', '2018-01-04', '95,94', '118,01', '23', 'null', 'kartą', 'faktura');
INSERT INTO `s14970`.`invoices` (`id_invoices`, `id_workers`, `id_orders`, `invoice_number`, `sale_date`, `net_value`, `gross_value`, `tax_value`, `bank_name`, `payment_form`, `document_type`) VALUES (12, 3, 12, '12/01/2018', '2018-01-05', '606,51', '746,01', '23', 'null', 'przelew', 'faktura');
INSERT INTO `s14970`.`invoices` (`id_invoices`, `id_workers`, `id_orders`, `invoice_number`, `sale_date`, `net_value`, `gross_value`, `tax_value`, `bank_name`, `payment_form`, `document_type`) VALUES (13, 2, 13, '13/01/2018', '2018-01-05', '214,64', '264,01', '23', 'null', 'kartą', 'faktura');
INSERT INTO `s14970`.`invoices` (`id_invoices`, `id_workers`, `id_orders`, `invoice_number`, `sale_date`, `net_value`, `gross_value`, `tax_value`, `bank_name`, `payment_form`, `document_type`) VALUES (14, 2, 14, '14/01/2018', '2018-01-05', '530,08', '652,00', '23', 'null', 'kartą', 'faktura');
INSERT INTO `s14970`.`invoices` (`id_invoices`, `id_workers`, `id_orders`, `invoice_number`, `sale_date`, `net_value`, `gross_value`, `tax_value`, `bank_name`, `payment_form`, `document_type`) VALUES (15, 3, 15, '15/01/2018', '2018-01-05', '130,08', '160,00', '23', 'null', 'kartą', 'faktura');
INSERT INTO `s14970`.`invoices` (`id_invoices`, `id_workers`, `id_orders`, `invoice_number`, `sale_date`, `net_value`, `gross_value`, `tax_value`, `bank_name`, `payment_form`, `document_type`) VALUES (16, 1, 16, '16/01/2018', '2018-01-05', '329,27', '405,00', '23', 'null', 'kartą', 'faktura');
INSERT INTO `s14970`.`invoices` (`id_invoices`, `id_workers`, `id_orders`, `invoice_number`, `sale_date`, `net_value`, `gross_value`, `tax_value`, `bank_name`, `payment_form`, `document_type`) VALUES (17, 3, 17, '17/01/2018', '2018-01-05', '364,22', '447,99', '23', 'null', 'przelew', 'faktura');
INSERT INTO `s14970`.`invoices` (`id_invoices`, `id_workers`, `id_orders`, `invoice_number`, `sale_date`, `net_value`, `gross_value`, `tax_value`, `bank_name`, `payment_form`, `document_type`) VALUES (18, 2, 18, '18/01/2018', '2018-01-05', '92,68', '114,00', '23', 'null', 'kartą', 'faktura');
INSERT INTO `s14970`.`invoices` (`id_invoices`, `id_workers`, `id_orders`, `invoice_number`, `sale_date`, `net_value`, `gross_value`, `tax_value`, `bank_name`, `payment_form`, `document_type`) VALUES (19, 1, 19, '19/01/2018', '2018-01-05', '1210,58', '1489,01', '23', 'null', 'kartą', 'faktura');
INSERT INTO `s14970`.`invoices` (`id_invoices`, `id_workers`, `id_orders`, `invoice_number`, `sale_date`, `net_value`, `gross_value`, `tax_value`, `bank_name`, `payment_form`, `document_type`) VALUES (20, 3, 20, '20/01/2018', '2018-01-06', '364,22', '447,99', '23', 'null', 'przelew', 'faktura');
INSERT INTO `s14970`.`invoices` (`id_invoices`, `id_workers`, `id_orders`, `invoice_number`, `sale_date`, `net_value`, `gross_value`, `tax_value`, `bank_name`, `payment_form`, `document_type`) VALUES (21, 2, 21, '21/01/2018', '2018-01-06', '113,01', '139,00', '23', 'null', 'kartą', 'faktura');
INSERT INTO `s14970`.`invoices` (`id_invoices`, `id_workers`, `id_orders`, `invoice_number`, `sale_date`, `net_value`, `gross_value`, `tax_value`, `bank_name`, `payment_form`, `document_type`) VALUES (22, 1, 22, '22/01/2018', '2018-01-06', '430,08', '529,00', '23', 'null', 'kartą', 'faktura');
INSERT INTO `s14970`.`invoices` (`id_invoices`, `id_workers`, `id_orders`, `invoice_number`, `sale_date`, `net_value`, `gross_value`, `tax_value`, `bank_name`, `payment_form`, `document_type`) VALUES (23, 3, 23, '23/01/2018', '2018-01-06', '220,33', '271,01', '23', 'null', 'gotówka', 'paragon');

COMMIT;


-- -----------------------------------------------------
-- Data for table `s14970`.`product_units`
-- -----------------------------------------------------
START TRANSACTION;
USE `s14970`;
INSERT INTO `s14970`.`product_units` (`id_product_units`, `id_products`, `product_code`, `acquisition_net_total_price`, `acquisition_gross_total_price`, `acquisition_taxation_value`, `purchase_date`, `sale_date`, `is_sold`) VALUES (1, 1, '100000', 15.24, 18.75, 23, '2018-01-01', '2018-01-02', 1);
INSERT INTO `s14970`.`product_units` (`id_product_units`, `id_products`, `product_code`, `acquisition_net_total_price`, `acquisition_gross_total_price`, `acquisition_taxation_value`, `purchase_date`, `sale_date`, `is_sold`) VALUES (2, 2, '100001', 350.00, 430.50, 23, '2018-01-01', '2018-01-02', 1);
INSERT INTO `s14970`.`product_units` (`id_product_units`, `id_products`, `product_code`, `acquisition_net_total_price`, `acquisition_gross_total_price`, `acquisition_taxation_value`, `purchase_date`, `sale_date`, `is_sold`) VALUES (3, 3, '100002', 120.00, 147.60, 23, '2018-01-01', '2018-01-04', 1);
INSERT INTO `s14970`.`product_units` (`id_product_units`, `id_products`, `product_code`, `acquisition_net_total_price`, `acquisition_gross_total_price`, `acquisition_taxation_value`, `purchase_date`, `sale_date`, `is_sold`) VALUES (4, 4, '100003', 50.00, 61.50, 23, '2018-01-01', '2018-01-04', 1);
INSERT INTO `s14970`.`product_units` (`id_product_units`, `id_products`, `product_code`, `acquisition_net_total_price`, `acquisition_gross_total_price`, `acquisition_taxation_value`, `purchase_date`, `sale_date`, `is_sold`) VALUES (5, 5, '100004', 25.00, 30.75, 23, '2018-01-01', '2018-01-03', 1);
INSERT INTO `s14970`.`product_units` (`id_product_units`, `id_products`, `product_code`, `acquisition_net_total_price`, `acquisition_gross_total_price`, `acquisition_taxation_value`, `purchase_date`, `sale_date`, `is_sold`) VALUES (6, 6, '100005', 90.00, 110.70, 23, '2018-01-01', '2018-01-03', 1);
INSERT INTO `s14970`.`product_units` (`id_product_units`, `id_products`, `product_code`, `acquisition_net_total_price`, `acquisition_gross_total_price`, `acquisition_taxation_value`, `purchase_date`, `sale_date`, `is_sold`) VALUES (7, 7, '100006', 200.00, 246.00, 23, '2018-01-01', '2018-01-04', 1);
INSERT INTO `s14970`.`product_units` (`id_product_units`, `id_products`, `product_code`, `acquisition_net_total_price`, `acquisition_gross_total_price`, `acquisition_taxation_value`, `purchase_date`, `sale_date`, `is_sold`) VALUES (8, 8, '100007', 25.00, 30.75, 23, '2018-01-01', '2018-01-04', 1);
INSERT INTO `s14970`.`product_units` (`id_product_units`, `id_products`, `product_code`, `acquisition_net_total_price`, `acquisition_gross_total_price`, `acquisition_taxation_value`, `purchase_date`, `sale_date`, `is_sold`) VALUES (9, 9, '100008', 355.00, 436.65, 23, '2018-01-01', '2018-01-03', 1);
INSERT INTO `s14970`.`product_units` (`id_product_units`, `id_products`, `product_code`, `acquisition_net_total_price`, `acquisition_gross_total_price`, `acquisition_taxation_value`, `purchase_date`, `sale_date`, `is_sold`) VALUES (10, 10, '100009', 15.00, 18.45, 23, '2018-01-01', '2018-01-05', 1);
INSERT INTO `s14970`.`product_units` (`id_product_units`, `id_products`, `product_code`, `acquisition_net_total_price`, `acquisition_gross_total_price`, `acquisition_taxation_value`, `purchase_date`, `sale_date`, `is_sold`) VALUES (11, 11, '100010', 45.00, 55.35, 23, '2018-01-01', '2018-01-06', 1);
INSERT INTO `s14970`.`product_units` (`id_product_units`, `id_products`, `product_code`, `acquisition_net_total_price`, `acquisition_gross_total_price`, `acquisition_taxation_value`, `purchase_date`, `sale_date`, `is_sold`) VALUES (12, 12, '100011', 70.00, 86.10, 23, '2018-01-01', '2018-01-05', 1);
INSERT INTO `s14970`.`product_units` (`id_product_units`, `id_products`, `product_code`, `acquisition_net_total_price`, `acquisition_gross_total_price`, `acquisition_taxation_value`, `purchase_date`, `sale_date`, `is_sold`) VALUES (13, 13, '100012', 300.00, 369.00, 23, '2018-01-01', '2018-01-05', 1);
INSERT INTO `s14970`.`product_units` (`id_product_units`, `id_products`, `product_code`, `acquisition_net_total_price`, `acquisition_gross_total_price`, `acquisition_taxation_value`, `purchase_date`, `sale_date`, `is_sold`) VALUES (14, 14, '100013', 25.00, 30.75, 23, '2018-01-01', '2018-01-06', 1);
INSERT INTO `s14970`.`product_units` (`id_product_units`, `id_products`, `product_code`, `acquisition_net_total_price`, `acquisition_gross_total_price`, `acquisition_taxation_value`, `purchase_date`, `sale_date`, `is_sold`) VALUES (15, 15, '100014', 220.00, 270.60, 23, '2018-01-01', '2018-01-03', 1);
INSERT INTO `s14970`.`product_units` (`id_product_units`, `id_products`, `product_code`, `acquisition_net_total_price`, `acquisition_gross_total_price`, `acquisition_taxation_value`, `purchase_date`, `sale_date`, `is_sold`) VALUES (16, 16, '100015', 300.00, 369.00, 23, '2018-01-01', '2018-01-05', 1);
INSERT INTO `s14970`.`product_units` (`id_product_units`, `id_products`, `product_code`, `acquisition_net_total_price`, `acquisition_gross_total_price`, `acquisition_taxation_value`, `purchase_date`, `sale_date`, `is_sold`) VALUES (17, 17, '100016', 400.00, 492.00, 23, '2018-01-01', '2018-01-05', 1);
INSERT INTO `s14970`.`product_units` (`id_product_units`, `id_products`, `product_code`, `acquisition_net_total_price`, `acquisition_gross_total_price`, `acquisition_taxation_value`, `purchase_date`, `sale_date`, `is_sold`) VALUES (18, 18, '100017', 66.00, 81.18, 23, '2018-01-01', '2018-01-05', 1);
INSERT INTO `s14970`.`product_units` (`id_product_units`, `id_products`, `product_code`, `acquisition_net_total_price`, `acquisition_gross_total_price`, `acquisition_taxation_value`, `purchase_date`, `sale_date`, `is_sold`) VALUES (19, 19, '100018', 150.00, 184.50, 23, '2018-01-01', '2018-01-05', 1);
INSERT INTO `s14970`.`product_units` (`id_product_units`, `id_products`, `product_code`, `acquisition_net_total_price`, `acquisition_gross_total_price`, `acquisition_taxation_value`, `purchase_date`, `sale_date`, `is_sold`) VALUES (20, 20, '100019', 12.00, 14.76, 23, '2018-01-01', '2018-01-06', 1);
INSERT INTO `s14970`.`product_units` (`id_product_units`, `id_products`, `product_code`, `acquisition_net_total_price`, `acquisition_gross_total_price`, `acquisition_taxation_value`, `purchase_date`, `sale_date`, `is_sold`) VALUES (21, 21, '100020', 180.00, 221.40, 23, '2018-01-01', '2018-01-05', 1);
INSERT INTO `s14970`.`product_units` (`id_product_units`, `id_products`, `product_code`, `acquisition_net_total_price`, `acquisition_gross_total_price`, `acquisition_taxation_value`, `purchase_date`, `sale_date`, `is_sold`) VALUES (24, 15, '100021', 220.00, 270.60, 23, '2018-01-01', '2018-01-05', 1);
INSERT INTO `s14970`.`product_units` (`id_product_units`, `id_products`, `product_code`, `acquisition_net_total_price`, `acquisition_gross_total_price`, `acquisition_taxation_value`, `purchase_date`, `sale_date`, `is_sold`) VALUES (25, 15, '100022', 220.00, 270.60, 23, '2018-01-01', '2018-01-06', 1);
INSERT INTO `s14970`.`product_units` (`id_product_units`, `id_products`, `product_code`, `acquisition_net_total_price`, `acquisition_gross_total_price`, `acquisition_taxation_value`, `purchase_date`, `sale_date`, `is_sold`) VALUES (26, 15, '100023', 220.00, 270.60, 23, '2018-01-01', NULL, 0);
INSERT INTO `s14970`.`product_units` (`id_product_units`, `id_products`, `product_code`, `acquisition_net_total_price`, `acquisition_gross_total_price`, `acquisition_taxation_value`, `purchase_date`, `sale_date`, `is_sold`) VALUES (27, 15, '100024', 220.00, 270.60, 23, '2018-01-01', NULL, 0);
INSERT INTO `s14970`.`product_units` (`id_product_units`, `id_products`, `product_code`, `acquisition_net_total_price`, `acquisition_gross_total_price`, `acquisition_taxation_value`, `purchase_date`, `sale_date`, `is_sold`) VALUES (28, 15, '100025', 220.00, 270.60, 23, '2018-01-01', NULL, 0);
INSERT INTO `s14970`.`product_units` (`id_product_units`, `id_products`, `product_code`, `acquisition_net_total_price`, `acquisition_gross_total_price`, `acquisition_taxation_value`, `purchase_date`, `sale_date`, `is_sold`) VALUES (29, 18, '100026', 66.00, 81.18, 23, '2018-01-01', '2018-01-05', 1);
INSERT INTO `s14970`.`product_units` (`id_product_units`, `id_products`, `product_code`, `acquisition_net_total_price`, `acquisition_gross_total_price`, `acquisition_taxation_value`, `purchase_date`, `sale_date`, `is_sold`) VALUES (30, 18, '100027', 66.00, 81.18, 23, '2018-01-01', '2018-01-06', 1);
INSERT INTO `s14970`.`product_units` (`id_product_units`, `id_products`, `product_code`, `acquisition_net_total_price`, `acquisition_gross_total_price`, `acquisition_taxation_value`, `purchase_date`, `sale_date`, `is_sold`) VALUES (31, 18, '100028', 66.00, 81.18, 23, '2018-01-01', NULL, 0);
INSERT INTO `s14970`.`product_units` (`id_product_units`, `id_products`, `product_code`, `acquisition_net_total_price`, `acquisition_gross_total_price`, `acquisition_taxation_value`, `purchase_date`, `sale_date`, `is_sold`) VALUES (32, 18, '100029', 66.00, 81.18, 23, '2018-01-01', NULL, 0);
INSERT INTO `s14970`.`product_units` (`id_product_units`, `id_products`, `product_code`, `acquisition_net_total_price`, `acquisition_gross_total_price`, `acquisition_taxation_value`, `purchase_date`, `sale_date`, `is_sold`) VALUES (33, 18, '100030', 66.00, 81.18, 23, '2018-01-01', NULL, 0);
INSERT INTO `s14970`.`product_units` (`id_product_units`, `id_products`, `product_code`, `acquisition_net_total_price`, `acquisition_gross_total_price`, `acquisition_taxation_value`, `purchase_date`, `sale_date`, `is_sold`) VALUES (34, 18, '100031', 66.00, 81.18, 23, '2018-01-01', NULL, 0);
INSERT INTO `s14970`.`product_units` (`id_product_units`, `id_products`, `product_code`, `acquisition_net_total_price`, `acquisition_gross_total_price`, `acquisition_taxation_value`, `purchase_date`, `sale_date`, `is_sold`) VALUES (35, 18, '100032', 66.00, 81.18, 23, '2018-01-01', NULL, 0);
INSERT INTO `s14970`.`product_units` (`id_product_units`, `id_products`, `product_code`, `acquisition_net_total_price`, `acquisition_gross_total_price`, `acquisition_taxation_value`, `purchase_date`, `sale_date`, `is_sold`) VALUES (36, 18, '100033', 66.00, 81.18, 23, '2018-01-01', NULL, 0);
INSERT INTO `s14970`.`product_units` (`id_product_units`, `id_products`, `product_code`, `acquisition_net_total_price`, `acquisition_gross_total_price`, `acquisition_taxation_value`, `purchase_date`, `sale_date`, `is_sold`) VALUES (37, 18, '100034', 66.00, 81.18, 23, '2018-01-01', NULL, 0);
INSERT INTO `s14970`.`product_units` (`id_product_units`, `id_products`, `product_code`, `acquisition_net_total_price`, `acquisition_gross_total_price`, `acquisition_taxation_value`, `purchase_date`, `sale_date`, `is_sold`) VALUES (38, 1, '100035', 15.24, 18.75, 23, '2018-01-01', '2018-01-03', 1);
INSERT INTO `s14970`.`product_units` (`id_product_units`, `id_products`, `product_code`, `acquisition_net_total_price`, `acquisition_gross_total_price`, `acquisition_taxation_value`, `purchase_date`, `sale_date`, `is_sold`) VALUES (39, 1, '100036', 15.24, 18.75, 23, '2018-01-01', '2018-01-04', 1);
INSERT INTO `s14970`.`product_units` (`id_product_units`, `id_products`, `product_code`, `acquisition_net_total_price`, `acquisition_gross_total_price`, `acquisition_taxation_value`, `purchase_date`, `sale_date`, `is_sold`) VALUES (40, 1, '100037', 15.24, 18.75, 23, '2018-01-01', '2018-01-05', 1);
INSERT INTO `s14970`.`product_units` (`id_product_units`, `id_products`, `product_code`, `acquisition_net_total_price`, `acquisition_gross_total_price`, `acquisition_taxation_value`, `purchase_date`, `sale_date`, `is_sold`) VALUES (41, 1, '100038', 15.24, 18.75, 23, '2018-01-01', NULL, 0);
INSERT INTO `s14970`.`product_units` (`id_product_units`, `id_products`, `product_code`, `acquisition_net_total_price`, `acquisition_gross_total_price`, `acquisition_taxation_value`, `purchase_date`, `sale_date`, `is_sold`) VALUES (42, 1, '100039', 15.24, 18.75, 23, '2018-01-01', NULL, 0);
INSERT INTO `s14970`.`product_units` (`id_product_units`, `id_products`, `product_code`, `acquisition_net_total_price`, `acquisition_gross_total_price`, `acquisition_taxation_value`, `purchase_date`, `sale_date`, `is_sold`) VALUES (43, 1, '100040', 15.24, 18.75, 23, '2018-01-01', NULL, 0);
INSERT INTO `s14970`.`product_units` (`id_product_units`, `id_products`, `product_code`, `acquisition_net_total_price`, `acquisition_gross_total_price`, `acquisition_taxation_value`, `purchase_date`, `sale_date`, `is_sold`) VALUES (44, 1, '100041', 15.24, 18.75, 23, '2018-01-01', NULL, 0);
INSERT INTO `s14970`.`product_units` (`id_product_units`, `id_products`, `product_code`, `acquisition_net_total_price`, `acquisition_gross_total_price`, `acquisition_taxation_value`, `purchase_date`, `sale_date`, `is_sold`) VALUES (45, 2, '100042', 350.00, 430.50, 23, '2018-01-01', '2018-01-04', 1);
INSERT INTO `s14970`.`product_units` (`id_product_units`, `id_products`, `product_code`, `acquisition_net_total_price`, `acquisition_gross_total_price`, `acquisition_taxation_value`, `purchase_date`, `sale_date`, `is_sold`) VALUES (46, 2, '100043', 350.00, 430.50, 23, '2018-01-01', '2018-01-05', 1);
INSERT INTO `s14970`.`product_units` (`id_product_units`, `id_products`, `product_code`, `acquisition_net_total_price`, `acquisition_gross_total_price`, `acquisition_taxation_value`, `purchase_date`, `sale_date`, `is_sold`) VALUES (47, 2, '100044', 350.00, 430.50, 23, '2018-01-01', '2018-01-06', 1);
INSERT INTO `s14970`.`product_units` (`id_product_units`, `id_products`, `product_code`, `acquisition_net_total_price`, `acquisition_gross_total_price`, `acquisition_taxation_value`, `purchase_date`, `sale_date`, `is_sold`) VALUES (48, 2, '100045', 350.00, 430.50, 23, '2018-01-01', NULL, 0);
INSERT INTO `s14970`.`product_units` (`id_product_units`, `id_products`, `product_code`, `acquisition_net_total_price`, `acquisition_gross_total_price`, `acquisition_taxation_value`, `purchase_date`, `sale_date`, `is_sold`) VALUES (49, 2, '100046', 350.00, 430.50, 23, '2018-01-01', NULL, 0);
INSERT INTO `s14970`.`product_units` (`id_product_units`, `id_products`, `product_code`, `acquisition_net_total_price`, `acquisition_gross_total_price`, `acquisition_taxation_value`, `purchase_date`, `sale_date`, `is_sold`) VALUES (50, 2, '100047', 350.00, 430.50, 23, '2018-01-01', NULL, 0);
INSERT INTO `s14970`.`product_units` (`id_product_units`, `id_products`, `product_code`, `acquisition_net_total_price`, `acquisition_gross_total_price`, `acquisition_taxation_value`, `purchase_date`, `sale_date`, `is_sold`) VALUES (51, 2, '100048', 350.00, 430.50, 23, '2018-01-01', NULL, 0);
INSERT INTO `s14970`.`product_units` (`id_product_units`, `id_products`, `product_code`, `acquisition_net_total_price`, `acquisition_gross_total_price`, `acquisition_taxation_value`, `purchase_date`, `sale_date`, `is_sold`) VALUES (52, 3, '100049', 120.00, 147.60, 23, '2018-01-01', '2018-01-03', 1);
INSERT INTO `s14970`.`product_units` (`id_product_units`, `id_products`, `product_code`, `acquisition_net_total_price`, `acquisition_gross_total_price`, `acquisition_taxation_value`, `purchase_date`, `sale_date`, `is_sold`) VALUES (53, 3, '100050', 120.00, 147.60, 23, '2018-01-01', '2018-01-04', 1);
INSERT INTO `s14970`.`product_units` (`id_product_units`, `id_products`, `product_code`, `acquisition_net_total_price`, `acquisition_gross_total_price`, `acquisition_taxation_value`, `purchase_date`, `sale_date`, `is_sold`) VALUES (54, 3, '100051', 120.00, 147.60, 23, '2018-01-01', '2018-01-05', 1);
INSERT INTO `s14970`.`product_units` (`id_product_units`, `id_products`, `product_code`, `acquisition_net_total_price`, `acquisition_gross_total_price`, `acquisition_taxation_value`, `purchase_date`, `sale_date`, `is_sold`) VALUES (55, 3, '100052', 120.00, 147.60, 23, '2018-01-01', '2018-01-06', 1);
INSERT INTO `s14970`.`product_units` (`id_product_units`, `id_products`, `product_code`, `acquisition_net_total_price`, `acquisition_gross_total_price`, `acquisition_taxation_value`, `purchase_date`, `sale_date`, `is_sold`) VALUES (56, 3, '100053', 120.00, 147.60, 23, '2018-01-01', NULL, 0);
INSERT INTO `s14970`.`product_units` (`id_product_units`, `id_products`, `product_code`, `acquisition_net_total_price`, `acquisition_gross_total_price`, `acquisition_taxation_value`, `purchase_date`, `sale_date`, `is_sold`) VALUES (57, 3, '100054', 120.00, 147.60, 23, '2018-01-01', NULL, 0);
INSERT INTO `s14970`.`product_units` (`id_product_units`, `id_products`, `product_code`, `acquisition_net_total_price`, `acquisition_gross_total_price`, `acquisition_taxation_value`, `purchase_date`, `sale_date`, `is_sold`) VALUES (58, 4, '100055', 50.00, 61.50, 23, '2018-01-01', '2018-01-04', 1);
INSERT INTO `s14970`.`product_units` (`id_product_units`, `id_products`, `product_code`, `acquisition_net_total_price`, `acquisition_gross_total_price`, `acquisition_taxation_value`, `purchase_date`, `sale_date`, `is_sold`) VALUES (59, 4, '100056', 50.00, 61.50, 23, '2018-01-01', '2018-01-05', 1);
INSERT INTO `s14970`.`product_units` (`id_product_units`, `id_products`, `product_code`, `acquisition_net_total_price`, `acquisition_gross_total_price`, `acquisition_taxation_value`, `purchase_date`, `sale_date`, `is_sold`) VALUES (60, 4, '100057', 50.00, 61.50, 23, '2018-01-01', '2018-01-06', 1);
INSERT INTO `s14970`.`product_units` (`id_product_units`, `id_products`, `product_code`, `acquisition_net_total_price`, `acquisition_gross_total_price`, `acquisition_taxation_value`, `purchase_date`, `sale_date`, `is_sold`) VALUES (61, 4, '100058', 50.00, 61.50, 23, '2018-01-01', NULL, 0);
INSERT INTO `s14970`.`product_units` (`id_product_units`, `id_products`, `product_code`, `acquisition_net_total_price`, `acquisition_gross_total_price`, `acquisition_taxation_value`, `purchase_date`, `sale_date`, `is_sold`) VALUES (62, 4, '100059', 50.00, 61.50, 23, '2018-01-01', NULL, 0);
INSERT INTO `s14970`.`product_units` (`id_product_units`, `id_products`, `product_code`, `acquisition_net_total_price`, `acquisition_gross_total_price`, `acquisition_taxation_value`, `purchase_date`, `sale_date`, `is_sold`) VALUES (63, 5, '100060', 25.00, 30.75, 23, '2018-01-01', '2018-01-03', 1);
INSERT INTO `s14970`.`product_units` (`id_product_units`, `id_products`, `product_code`, `acquisition_net_total_price`, `acquisition_gross_total_price`, `acquisition_taxation_value`, `purchase_date`, `sale_date`, `is_sold`) VALUES (64, 5, '100061', 25.00, 30.75, 23, '2018-01-01', '2018-01-04', 1);
INSERT INTO `s14970`.`product_units` (`id_product_units`, `id_products`, `product_code`, `acquisition_net_total_price`, `acquisition_gross_total_price`, `acquisition_taxation_value`, `purchase_date`, `sale_date`, `is_sold`) VALUES (65, 5, '100062', 25.00, 30.75, 23, '2018-01-01', '2018-01-05', 1);
INSERT INTO `s14970`.`product_units` (`id_product_units`, `id_products`, `product_code`, `acquisition_net_total_price`, `acquisition_gross_total_price`, `acquisition_taxation_value`, `purchase_date`, `sale_date`, `is_sold`) VALUES (66, 5, '100063', 25.00, 30.75, 23, '2018-01-01', '2018-01-05', 0);
INSERT INTO `s14970`.`product_units` (`id_product_units`, `id_products`, `product_code`, `acquisition_net_total_price`, `acquisition_gross_total_price`, `acquisition_taxation_value`, `purchase_date`, `sale_date`, `is_sold`) VALUES (67, 5, '100064', 25.00, 30.75, 23, '2018-01-01', NULL, 0);
INSERT INTO `s14970`.`product_units` (`id_product_units`, `id_products`, `product_code`, `acquisition_net_total_price`, `acquisition_gross_total_price`, `acquisition_taxation_value`, `purchase_date`, `sale_date`, `is_sold`) VALUES (68, 6, '100065', 90.00, 110.70, 23, '2018-01-01', '2018-01-04', 1);
INSERT INTO `s14970`.`product_units` (`id_product_units`, `id_products`, `product_code`, `acquisition_net_total_price`, `acquisition_gross_total_price`, `acquisition_taxation_value`, `purchase_date`, `sale_date`, `is_sold`) VALUES (69, 6, '100066', 90.00, 110.70, 23, '2018-01-01', '2018-01-05', 1);
INSERT INTO `s14970`.`product_units` (`id_product_units`, `id_products`, `product_code`, `acquisition_net_total_price`, `acquisition_gross_total_price`, `acquisition_taxation_value`, `purchase_date`, `sale_date`, `is_sold`) VALUES (70, 6, '100067', 90.00, 110.70, 23, '2018-01-01', NULL, 0);
INSERT INTO `s14970`.`product_units` (`id_product_units`, `id_products`, `product_code`, `acquisition_net_total_price`, `acquisition_gross_total_price`, `acquisition_taxation_value`, `purchase_date`, `sale_date`, `is_sold`) VALUES (71, 6, '100068', 90.00, 110.70, 23, '2018-01-01', NULL, 0);
INSERT INTO `s14970`.`product_units` (`id_product_units`, `id_products`, `product_code`, `acquisition_net_total_price`, `acquisition_gross_total_price`, `acquisition_taxation_value`, `purchase_date`, `sale_date`, `is_sold`) VALUES (72, 6, '100069', 90.00, 110.70, 23, '2018-01-01', NULL, 0);
INSERT INTO `s14970`.`product_units` (`id_product_units`, `id_products`, `product_code`, `acquisition_net_total_price`, `acquisition_gross_total_price`, `acquisition_taxation_value`, `purchase_date`, `sale_date`, `is_sold`) VALUES (73, 7, '100070', 200.00, 246.00, 23, '2018-01-01', NULL, 0);
INSERT INTO `s14970`.`product_units` (`id_product_units`, `id_products`, `product_code`, `acquisition_net_total_price`, `acquisition_gross_total_price`, `acquisition_taxation_value`, `purchase_date`, `sale_date`, `is_sold`) VALUES (74, 7, '100071', 200.00, 246.00, 23, '2018-01-01', NULL, 0);
INSERT INTO `s14970`.`product_units` (`id_product_units`, `id_products`, `product_code`, `acquisition_net_total_price`, `acquisition_gross_total_price`, `acquisition_taxation_value`, `purchase_date`, `sale_date`, `is_sold`) VALUES (75, 7, '100072', 200.00, 246.00, 23, '2018-01-01', NULL, 0);
INSERT INTO `s14970`.`product_units` (`id_product_units`, `id_products`, `product_code`, `acquisition_net_total_price`, `acquisition_gross_total_price`, `acquisition_taxation_value`, `purchase_date`, `sale_date`, `is_sold`) VALUES (76, 7, '100073', 200.00, 246.00, 23, '2018-01-01', NULL, 0);
INSERT INTO `s14970`.`product_units` (`id_product_units`, `id_products`, `product_code`, `acquisition_net_total_price`, `acquisition_gross_total_price`, `acquisition_taxation_value`, `purchase_date`, `sale_date`, `is_sold`) VALUES (77, 7, '100074', 200.00, 246.00, 23, '2018-01-01', NULL, 0);
INSERT INTO `s14970`.`product_units` (`id_product_units`, `id_products`, `product_code`, `acquisition_net_total_price`, `acquisition_gross_total_price`, `acquisition_taxation_value`, `purchase_date`, `sale_date`, `is_sold`) VALUES (78, 8, '100075', 25.00, 30.75, 23, '2018-01-01', '2018-01-04', 1);
INSERT INTO `s14970`.`product_units` (`id_product_units`, `id_products`, `product_code`, `acquisition_net_total_price`, `acquisition_gross_total_price`, `acquisition_taxation_value`, `purchase_date`, `sale_date`, `is_sold`) VALUES (79, 8, '100076', 25.00, 30.75, 23, '2018-01-01', '2018-01-05', 1);
INSERT INTO `s14970`.`product_units` (`id_product_units`, `id_products`, `product_code`, `acquisition_net_total_price`, `acquisition_gross_total_price`, `acquisition_taxation_value`, `purchase_date`, `sale_date`, `is_sold`) VALUES (80, 8, '100077', 25.00, 30.75, 23, '2018-01-01', NULL, 0);
INSERT INTO `s14970`.`product_units` (`id_product_units`, `id_products`, `product_code`, `acquisition_net_total_price`, `acquisition_gross_total_price`, `acquisition_taxation_value`, `purchase_date`, `sale_date`, `is_sold`) VALUES (81, 8, '100078', 25.00, 30.75, 23, '2018-01-01', NULL, 0);
INSERT INTO `s14970`.`product_units` (`id_product_units`, `id_products`, `product_code`, `acquisition_net_total_price`, `acquisition_gross_total_price`, `acquisition_taxation_value`, `purchase_date`, `sale_date`, `is_sold`) VALUES (82, 8, '100079', 25.00, 30.75, 23, '2018-01-01', NULL, 0);
INSERT INTO `s14970`.`product_units` (`id_product_units`, `id_products`, `product_code`, `acquisition_net_total_price`, `acquisition_gross_total_price`, `acquisition_taxation_value`, `purchase_date`, `sale_date`, `is_sold`) VALUES (83, 8, '100080', 25.00, 30.75, 23, '2018-01-01', NULL, 0);
INSERT INTO `s14970`.`product_units` (`id_product_units`, `id_products`, `product_code`, `acquisition_net_total_price`, `acquisition_gross_total_price`, `acquisition_taxation_value`, `purchase_date`, `sale_date`, `is_sold`) VALUES (84, 9, '100081', 355.00, 436.65, 23, '2018-01-01', '2018-01-05', 1);
INSERT INTO `s14970`.`product_units` (`id_product_units`, `id_products`, `product_code`, `acquisition_net_total_price`, `acquisition_gross_total_price`, `acquisition_taxation_value`, `purchase_date`, `sale_date`, `is_sold`) VALUES (85, 9, '100082', 355.00, 436.65, 23, '2018-01-01', NULL, 0);
INSERT INTO `s14970`.`product_units` (`id_product_units`, `id_products`, `product_code`, `acquisition_net_total_price`, `acquisition_gross_total_price`, `acquisition_taxation_value`, `purchase_date`, `sale_date`, `is_sold`) VALUES (86, 9, '100083', 355.00, 436.65, 23, '2018-01-01', NULL, 0);
INSERT INTO `s14970`.`product_units` (`id_product_units`, `id_products`, `product_code`, `acquisition_net_total_price`, `acquisition_gross_total_price`, `acquisition_taxation_value`, `purchase_date`, `sale_date`, `is_sold`) VALUES (87, 9, '100084', 355.00, 436.65, 23, '2018-01-01', NULL, 0);
INSERT INTO `s14970`.`product_units` (`id_product_units`, `id_products`, `product_code`, `acquisition_net_total_price`, `acquisition_gross_total_price`, `acquisition_taxation_value`, `purchase_date`, `sale_date`, `is_sold`) VALUES (88, 9, '100085', 355.00, 436.65, 23, '2018-01-01', NULL, 0);
INSERT INTO `s14970`.`product_units` (`id_product_units`, `id_products`, `product_code`, `acquisition_net_total_price`, `acquisition_gross_total_price`, `acquisition_taxation_value`, `purchase_date`, `sale_date`, `is_sold`) VALUES (89, 10, '100086', 15.00, 18.45, 23, '2018-01-01', NULL, 0);
INSERT INTO `s14970`.`product_units` (`id_product_units`, `id_products`, `product_code`, `acquisition_net_total_price`, `acquisition_gross_total_price`, `acquisition_taxation_value`, `purchase_date`, `sale_date`, `is_sold`) VALUES (90, 10, '100087', 15.00, 18.45, 23, '2018-01-01', NULL, 0);
INSERT INTO `s14970`.`product_units` (`id_product_units`, `id_products`, `product_code`, `acquisition_net_total_price`, `acquisition_gross_total_price`, `acquisition_taxation_value`, `purchase_date`, `sale_date`, `is_sold`) VALUES (91, 10, '100088', 15.00, 18.45, 23, '2018-01-01', NULL, 0);
INSERT INTO `s14970`.`product_units` (`id_product_units`, `id_products`, `product_code`, `acquisition_net_total_price`, `acquisition_gross_total_price`, `acquisition_taxation_value`, `purchase_date`, `sale_date`, `is_sold`) VALUES (92, 10, '100089', 15.00, 18.45, 23, '2018-01-01', NULL, 0);
INSERT INTO `s14970`.`product_units` (`id_product_units`, `id_products`, `product_code`, `acquisition_net_total_price`, `acquisition_gross_total_price`, `acquisition_taxation_value`, `purchase_date`, `sale_date`, `is_sold`) VALUES (93, 10, '100090', 15.00, 18.45, 23, '2018-01-01', NULL, 0);

COMMIT;


-- -----------------------------------------------------
-- Data for table `s14970`.`invoice_fields`
-- -----------------------------------------------------
START TRANSACTION;
USE `s14970`;
INSERT INTO `s14970`.`invoice_fields` (`id_invoice_fields`, `id_invoices`, `id_product_units`, `sale_net_price`, `sale_gross_price`, `sale_taxation_value`) VALUES (1, 1, 1, 17.89, 22.00, 23);
INSERT INTO `s14970`.`invoice_fields` (`id_invoice_fields`, `id_invoices`, `id_product_units`, `sale_net_price`, `sale_gross_price`, `sale_taxation_value`) VALUES (2, 1, 2, 430.08, 529.00, 23);
INSERT INTO `s14970`.`invoice_fields` (`id_invoice_fields`, `id_invoices`, `id_product_units`, `sale_net_price`, `sale_gross_price`, `sale_taxation_value`) VALUES (3, 2, 5, 34.15, 42.00, 23);
INSERT INTO `s14970`.`invoice_fields` (`id_invoice_fields`, `id_invoices`, `id_product_units`, `sale_net_price`, `sale_gross_price`, `sale_taxation_value`) VALUES (4, 3, 38, 17.89, 22.00, 23);
INSERT INTO `s14970`.`invoice_fields` (`id_invoice_fields`, `id_invoices`, `id_product_units`, `sale_net_price`, `sale_gross_price`, `sale_taxation_value`) VALUES (5, 3, 3, 158.54, 195.00, 23);
INSERT INTO `s14970`.`invoice_fields` (`id_invoice_fields`, `id_invoices`, `id_product_units`, `sale_net_price`, `sale_gross_price`, `sale_taxation_value`) VALUES (6, 4, 63, 34.15, 42.00, 23);
INSERT INTO `s14970`.`invoice_fields` (`id_invoice_fields`, `id_invoices`, `id_product_units`, `sale_net_price`, `sale_gross_price`, `sale_taxation_value`) VALUES (7, 4, 6, 118.70, 146.00, 23);
INSERT INTO `s14970`.`invoice_fields` (`id_invoice_fields`, `id_invoices`, `id_product_units`, `sale_net_price`, `sale_gross_price`, `sale_taxation_value`) VALUES (8, 4, 9, 455.28, 559.99, 23);
INSERT INTO `s14970`.`invoice_fields` (`id_invoice_fields`, `id_invoices`, `id_product_units`, `sale_net_price`, `sale_gross_price`, `sale_taxation_value`) VALUES (9, 5, 15, 271.54, 333.99, 23);
INSERT INTO `s14970`.`invoice_fields` (`id_invoice_fields`, `id_invoices`, `id_product_units`, `sale_net_price`, `sale_gross_price`, `sale_taxation_value`) VALUES (10, 6, 45, 430.08, 529.00, 23);
INSERT INTO `s14970`.`invoice_fields` (`id_invoice_fields`, `id_invoices`, `id_product_units`, `sale_net_price`, `sale_gross_price`, `sale_taxation_value`) VALUES (11, 6, 68, 118.70, 146.00, 23);
INSERT INTO `s14970`.`invoice_fields` (`id_invoice_fields`, `id_invoices`, `id_product_units`, `sale_net_price`, `sale_gross_price`, `sale_taxation_value`) VALUES (12, 7, 4, 61.79, 76.00, 23);
INSERT INTO `s14970`.`invoice_fields` (`id_invoice_fields`, `id_invoices`, `id_product_units`, `sale_net_price`, `sale_gross_price`, `sale_taxation_value`) VALUES (13, 8, 52, 158.54, 195.00, 23);
INSERT INTO `s14970`.`invoice_fields` (`id_invoice_fields`, `id_invoices`, `id_product_units`, `sale_net_price`, `sale_gross_price`, `sale_taxation_value`) VALUES (14, 9, 39, 17.89, 22.00, 23);
INSERT INTO `s14970`.`invoice_fields` (`id_invoice_fields`, `id_invoices`, `id_product_units`, `sale_net_price`, `sale_gross_price`, `sale_taxation_value`) VALUES (15, 9, 53, 158.54, 195.00, 23);
INSERT INTO `s14970`.`invoice_fields` (`id_invoice_fields`, `id_invoices`, `id_product_units`, `sale_net_price`, `sale_gross_price`, `sale_taxation_value`) VALUES (16, 9, 7, 243.09, 299.00, 23);
INSERT INTO `s14970`.`invoice_fields` (`id_invoice_fields`, `id_invoices`, `id_product_units`, `sale_net_price`, `sale_gross_price`, `sale_taxation_value`) VALUES (17, 9, 8, 40.65, 50.00, 23);
INSERT INTO `s14970`.`invoice_fields` (`id_invoice_fields`, `id_invoices`, `id_product_units`, `sale_net_price`, `sale_gross_price`, `sale_taxation_value`) VALUES (18, 10, 78, 40.65, 50.00, 23);
INSERT INTO `s14970`.`invoice_fields` (`id_invoice_fields`, `id_invoices`, `id_product_units`, `sale_net_price`, `sale_gross_price`, `sale_taxation_value`) VALUES (19, 11, 58, 61.79, 76.00, 23);
INSERT INTO `s14970`.`invoice_fields` (`id_invoice_fields`, `id_invoices`, `id_product_units`, `sale_net_price`, `sale_gross_price`, `sale_taxation_value`) VALUES (20, 11, 64, 34.15, 42.00, 23);
INSERT INTO `s14970`.`invoice_fields` (`id_invoice_fields`, `id_invoices`, `id_product_units`, `sale_net_price`, `sale_gross_price`, `sale_taxation_value`) VALUES (21, 12, 40, 17.89, 22.00, 23);
INSERT INTO `s14970`.`invoice_fields` (`id_invoice_fields`, `id_invoices`, `id_product_units`, `sale_net_price`, `sale_gross_price`, `sale_taxation_value`) VALUES (22, 12, 46, 430.08, 529.00, 23);
INSERT INTO `s14970`.`invoice_fields` (`id_invoice_fields`, `id_invoices`, `id_product_units`, `sale_net_price`, `sale_gross_price`, `sale_taxation_value`) VALUES (23, 12, 54, 158.54, 195.00, 23);
INSERT INTO `s14970`.`invoice_fields` (`id_invoice_fields`, `id_invoices`, `id_product_units`, `sale_net_price`, `sale_gross_price`, `sale_taxation_value`) VALUES (24, 13, 59, 61.79, 76.00, 23);
INSERT INTO `s14970`.`invoice_fields` (`id_invoice_fields`, `id_invoices`, `id_product_units`, `sale_net_price`, `sale_gross_price`, `sale_taxation_value`) VALUES (25, 13, 65, 34.15, 42.00, 23);
INSERT INTO `s14970`.`invoice_fields` (`id_invoice_fields`, `id_invoices`, `id_product_units`, `sale_net_price`, `sale_gross_price`, `sale_taxation_value`) VALUES (26, 13, 69, 118.70, 146.00, 23);
INSERT INTO `s14970`.`invoice_fields` (`id_invoice_fields`, `id_invoices`, `id_product_units`, `sale_net_price`, `sale_gross_price`, `sale_taxation_value`) VALUES (27, 14, 60, 34.15, 42.00, 23);
INSERT INTO `s14970`.`invoice_fields` (`id_invoice_fields`, `id_invoices`, `id_product_units`, `sale_net_price`, `sale_gross_price`, `sale_taxation_value`) VALUES (28, 14, 79, 40.65, 50.00, 23);
INSERT INTO `s14970`.`invoice_fields` (`id_invoice_fields`, `id_invoices`, `id_product_units`, `sale_net_price`, `sale_gross_price`, `sale_taxation_value`) VALUES (29, 14, 9, 455.28, 559.99, 23);
INSERT INTO `s14970`.`invoice_fields` (`id_invoice_fields`, `id_invoices`, `id_product_units`, `sale_net_price`, `sale_gross_price`, `sale_taxation_value`) VALUES (30, 15, 10, 25.20, 31.00, 23);
INSERT INTO `s14970`.`invoice_fields` (`id_invoice_fields`, `id_invoices`, `id_product_units`, `sale_net_price`, `sale_gross_price`, `sale_taxation_value`) VALUES (31, 15, 12, 104.88, 129.00, 23);
INSERT INTO `s14970`.`invoice_fields` (`id_invoice_fields`, `id_invoices`, `id_product_units`, `sale_net_price`, `sale_gross_price`, `sale_taxation_value`) VALUES (32, 16, 13, 329.27, 405.00, 23);
INSERT INTO `s14970`.`invoice_fields` (`id_invoice_fields`, `id_invoices`, `id_product_units`, `sale_net_price`, `sale_gross_price`, `sale_taxation_value`) VALUES (33, 17, 24, 271.54, 333.99, 23);
INSERT INTO `s14970`.`invoice_fields` (`id_invoice_fields`, `id_invoices`, `id_product_units`, `sale_net_price`, `sale_gross_price`, `sale_taxation_value`) VALUES (34, 17, 18, 92.68, 114.00, 23);
INSERT INTO `s14970`.`invoice_fields` (`id_invoice_fields`, `id_invoices`, `id_product_units`, `sale_net_price`, `sale_gross_price`, `sale_taxation_value`) VALUES (35, 18, 29, 92.68, 114.00, 23);
INSERT INTO `s14970`.`invoice_fields` (`id_invoice_fields`, `id_invoices`, `id_product_units`, `sale_net_price`, `sale_gross_price`, `sale_taxation_value`) VALUES (36, 19, 16, 344.72, 424.01, 23);
INSERT INTO `s14970`.`invoice_fields` (`id_invoice_fields`, `id_invoices`, `id_product_units`, `sale_net_price`, `sale_gross_price`, `sale_taxation_value`) VALUES (37, 19, 17, 475.61, 585.00, 23);
INSERT INTO `s14970`.`invoice_fields` (`id_invoice_fields`, `id_invoices`, `id_product_units`, `sale_net_price`, `sale_gross_price`, `sale_taxation_value`) VALUES (38, 19, 19, 182.93, 225.00, 23);
INSERT INTO `s14970`.`invoice_fields` (`id_invoice_fields`, `id_invoices`, `id_product_units`, `sale_net_price`, `sale_gross_price`, `sale_taxation_value`) VALUES (39, 19, 21, 207.32, 255.00, 23);
INSERT INTO `s14970`.`invoice_fields` (`id_invoice_fields`, `id_invoices`, `id_product_units`, `sale_net_price`, `sale_gross_price`, `sale_taxation_value`) VALUES (40, 20, 25, 271.54, 333.99, 23);
INSERT INTO `s14970`.`invoice_fields` (`id_invoice_fields`, `id_invoices`, `id_product_units`, `sale_net_price`, `sale_gross_price`, `sale_taxation_value`) VALUES (41, 20, 30, 92.68, 114.00, 23);
INSERT INTO `s14970`.`invoice_fields` (`id_invoice_fields`, `id_invoices`, `id_product_units`, `sale_net_price`, `sale_gross_price`, `sale_taxation_value`) VALUES (42, 21, 11, 60.98, 75.01, 23);
INSERT INTO `s14970`.`invoice_fields` (`id_invoice_fields`, `id_invoices`, `id_product_units`, `sale_net_price`, `sale_gross_price`, `sale_taxation_value`) VALUES (43, 21, 14, 32.52, 40.00, 23);
INSERT INTO `s14970`.`invoice_fields` (`id_invoice_fields`, `id_invoices`, `id_product_units`, `sale_net_price`, `sale_gross_price`, `sale_taxation_value`) VALUES (44, 21, 20, 19.51, 24.00, 23);
INSERT INTO `s14970`.`invoice_fields` (`id_invoice_fields`, `id_invoices`, `id_product_units`, `sale_net_price`, `sale_gross_price`, `sale_taxation_value`) VALUES (45, 22, 47, 430.08, 529.00, 23);
INSERT INTO `s14970`.`invoice_fields` (`id_invoice_fields`, `id_invoices`, `id_product_units`, `sale_net_price`, `sale_gross_price`, `sale_taxation_value`) VALUES (46, 23, 55, 158.54, 195.00, 23);
INSERT INTO `s14970`.`invoice_fields` (`id_invoice_fields`, `id_invoices`, `id_product_units`, `sale_net_price`, `sale_gross_price`, `sale_taxation_value`) VALUES (47, 23, 60, 61.79, 76.00, 23);

COMMIT;

